81.45476,"{'cas': 27, 'cwl': 12, 'rcd': 26, 'rp': 13, 'ras': 39, 'rrd': 3, 'faw': 50, 'rfc': 515}",[[0.01446051 1.17725    0.01227675]]
81.45476,"{'cas': 27, 'cwl': 12, 'rcd': 26, 'rp': 13, 'ras': 39, 'rrd': 3, 'faw': 50, 'rfc': 515}",[[0.01446051 1.17725    0.01227675]]
74.02147,"{'cas': 27, 'cwl': 26, 'rcd': 16, 'rp': 27, 'ras': 35, 'rrd': 9, 'faw': 8, 'rfc': 486}",[[0.01492601 1.10427    0.01350959]]
74.02147,"{'cas': 27, 'cwl': 26, 'rcd': 16, 'rp': 27, 'ras': 35, 'rrd': 9, 'faw': 8, 'rfc': 486}",[[0.01492601 1.10427    0.01350959]]
79.396835,"{'cas': 5, 'cwl': 8, 'rcd': 14, 'rp': 29, 'ras': 32, 'rrd': 9, 'faw': 16, 'rfc': 313}",[[0.01466201 1.1635     0.01259496]]
79.396835,"{'cas': 5, 'cwl': 8, 'rcd': 14, 'rp': 29, 'ras': 32, 'rrd': 9, 'faw': 16, 'rfc': 313}",[[0.01466201 1.1635     0.01259496]]
82.529915,"{'cas': 14, 'cwl': 4, 'rcd': 24, 'rp': 11, 'ras': 46, 'rrd': 3, 'faw': 29, 'rfc': 545}",[[0.01437108 1.18541    0.01211682]]
82.529915,"{'cas': 14, 'cwl': 4, 'rcd': 24, 'rp': 11, 'ras': 46, 'rrd': 3, 'faw': 29, 'rfc': 545}",[[0.01437108 1.18541    0.01211682]]
87.62629,"{'cas': 4, 'cwl': 14, 'rcd': 11, 'rp': 3, 'ras': 48, 'rrd': 7, 'faw': 23, 'rfc': 399}",[[0.01406389 1.23169    0.0114121 ]]
87.62629,"{'cas': 4, 'cwl': 14, 'rcd': 11, 'rp': 3, 'ras': 48, 'rrd': 7, 'faw': 23, 'rfc': 399}",[[0.01406389 1.23169    0.0114121 ]]
77.751305,"{'cas': 21, 'cwl': 4, 'rcd': 20, 'rp': 17, 'ras': 61, 'rrd': 12, 'faw': 28, 'rfc': 337}",[[0.01460203 1.13473    0.01286152]]
77.751305,"{'cas': 21, 'cwl': 4, 'rcd': 20, 'rp': 17, 'ras': 61, 'rrd': 12, 'faw': 28, 'rfc': 337}",[[0.01460203 1.13473    0.01286152]]
73.33864,"{'cas': 6, 'cwl': 22, 'rcd': 28, 'rp': 21, 'ras': 47, 'rrd': 8, 'faw': 18, 'rfc': 286}",[[0.01489086 1.09151    0.01363538]]
73.33864,"{'cas': 6, 'cwl': 22, 'rcd': 28, 'rp': 21, 'ras': 47, 'rrd': 8, 'faw': 18, 'rfc': 286}",[[0.01489086 1.09151    0.01363538]]
77.196335,"{'cas': 25, 'cwl': 27, 'rcd': 13, 'rp': 21, 'ras': 19, 'rrd': 5, 'faw': 45, 'rfc': 390}",[[0.01472646 1.13623    0.01295398]]
77.196335,"{'cas': 25, 'cwl': 27, 'rcd': 13, 'rp': 21, 'ras': 19, 'rrd': 5, 'faw': 45, 'rfc': 390}",[[0.01472646 1.13623    0.01295398]]
80.090744,"{'cas': 11, 'cwl': 23, 'rcd': 17, 'rp': 11, 'ras': 32, 'rrd': 6, 'faw': 18, 'rfc': 461}",[[0.01447307 1.15854    0.01248584]]
80.090744,"{'cas': 11, 'cwl': 23, 'rcd': 17, 'rp': 11, 'ras': 32, 'rrd': 6, 'faw': 18, 'rfc': 461}",[[0.01447307 1.15854    0.01248584]]
72.82258,"{'cas': 17, 'cwl': 19, 'rcd': 6, 'rp': 31, 'ras': 54, 'rrd': 7, 'faw': 29, 'rfc': 609}",[[0.01490006 1.08449    0.013732  ]]
72.82258,"{'cas': 17, 'cwl': 19, 'rcd': 6, 'rp': 31, 'ras': 54, 'rrd': 7, 'faw': 29, 'rfc': 609}",[[0.01490006 1.08449    0.013732  ]]
87.9666,"{'cas': 3, 'cwl': 14, 'rcd': 10, 'rp': 3, 'ras': 48, 'rrd': 7, 'faw': 23, 'rfc': 393}",[[0.01401102 1.23183    0.01136795]]
87.9666,"{'cas': 3, 'cwl': 14, 'rcd': 10, 'rp': 3, 'ras': 48, 'rrd': 7, 'faw': 23, 'rfc': 393}",[[0.01401102 1.23183    0.01136795]]
1e-06,"{'cas': 30, 'cwl': 6, 'rcd': 2, 'rp': 2, 'ras': 9, 'rrd': 15, 'faw': 63, 'rfc': 210}",[[-1000000  1000000  1000000]]
1e-06,"{'cas': 30, 'cwl': 6, 'rcd': 2, 'rp': 2, 'ras': 9, 'rrd': 15, 'faw': 63, 'rfc': 210}",[[-1000000  1000000  1000000]]
89.10266,"{'cas': 3, 'cwl': 9, 'rcd': 2, 'rp': 2, 'ras': 54, 'rrd': 7, 'faw': 26, 'rfc': 326}",[[0.01398805 1.24569    0.01122301]]
89.10266,"{'cas': 3, 'cwl': 9, 'rcd': 2, 'rp': 2, 'ras': 54, 'rrd': 7, 'faw': 26, 'rfc': 326}",[[0.01398805 1.24569    0.01122301]]
1e-06,"{'cas': 2, 'cwl': 2, 'rcd': 2, 'rp': 31, 'ras': 63, 'rrd': 11, 'faw': 50, 'rfc': 210}",[[-1000000  1000000  1000000]]
1e-06,"{'cas': 2, 'cwl': 2, 'rcd': 2, 'rp': 31, 'ras': 63, 'rrd': 11, 'faw': 50, 'rfc': 210}",[[-1000000  1000000  1000000]]
89.661674,"{'cas': 5, 'cwl': 13, 'rcd': 3, 'rp': 2, 'ras': 40, 'rrd': 6, 'faw': 21, 'rfc': 331}",[[0.01399351 1.25399    0.01115304]]
89.661674,"{'cas': 5, 'cwl': 13, 'rcd': 3, 'rp': 2, 'ras': 40, 'rrd': 6, 'faw': 21, 'rfc': 331}",[[0.01399351 1.25399    0.01115304]]
89.341385,"{'cas': 2, 'cwl': 10, 'rcd': 2, 'rp': 2, 'ras': 50, 'rrd': 6, 'faw': 25, 'rfc': 359}",[[0.01399547 1.24969    0.01119302]]
89.341385,"{'cas': 2, 'cwl': 10, 'rcd': 2, 'rp': 2, 'ras': 50, 'rrd': 6, 'faw': 25, 'rfc': 359}",[[0.01399547 1.24969    0.01119302]]
89.341385,"{'cas': 4, 'cwl': 10, 'rcd': 2, 'rp': 2, 'ras': 41, 'rrd': 6, 'faw': 22, 'rfc': 331}",[[0.0140407  1.25373    0.01119302]]
89.341385,"{'cas': 4, 'cwl': 10, 'rcd': 2, 'rp': 2, 'ras': 41, 'rrd': 6, 'faw': 22, 'rfc': 331}",[[0.0140407  1.25373    0.01119302]]
80.509705,"{'cas': 2, 'cwl': 31, 'rcd': 14, 'rp': 2, 'ras': 19, 'rrd': 4, 'faw': 19, 'rfc': 334}",[[0.01450362 1.16706    0.01242086]]
80.509705,"{'cas': 2, 'cwl': 31, 'rcd': 14, 'rp': 2, 'ras': 19, 'rrd': 4, 'faw': 19, 'rfc': 334}",[[0.01450362 1.16706    0.01242086]]
89.822685,"{'cas': 6, 'cwl': 15, 'rcd': 2, 'rp': 2, 'ras': 40, 'rrd': 6, 'faw': 20, 'rfc': 441}",[[0.01398506 1.25549    0.01113304]]
89.822685,"{'cas': 6, 'cwl': 15, 'rcd': 2, 'rp': 2, 'ras': 40, 'rrd': 6, 'faw': 20, 'rfc': 441}",[[0.01398506 1.25549    0.01113304]]
83.23951,"{'cas': 30, 'cwl': 25, 'rcd': 7, 'rp': 2, 'ras': 22, 'rrd': 2, 'faw': 42, 'rfc': 210}",[[0.01435578 1.19432    0.01201353]]
83.23951,"{'cas': 30, 'cwl': 25, 'rcd': 7, 'rp': 2, 'ras': 22, 'rrd': 2, 'faw': 42, 'rfc': 210}",[[0.01435578 1.19432    0.01201353]]
79.797935,"{'cas': 28, 'cwl': 19, 'rcd': 31, 'rp': 2, 'ras': 20, 'rrd': 2, 'faw': 47, 'rfc': 630}",[[0.01454679 1.16019    0.01253165]]
79.797935,"{'cas': 28, 'cwl': 19, 'rcd': 31, 'rp': 2, 'ras': 20, 'rrd': 2, 'faw': 47, 'rfc': 630}",[[0.01454679 1.16019    0.01253165]]
89.8563,"{'cas': 6, 'cwl': 14, 'rcd': 2, 'rp': 2, 'ras': 50, 'rrd': 7, 'faw': 21, 'rfc': 535}",[[0.01390049 1.24836    0.01112888]]
89.8563,"{'cas': 6, 'cwl': 14, 'rcd': 2, 'rp': 2, 'ras': 50, 'rrd': 7, 'faw': 21, 'rfc': 535}",[[0.01390049 1.24836    0.01112888]]
1e-06,"{'cas': 2, 'cwl': 3, 'rcd': 2, 'rp': 2, 'ras': 32, 'rrd': 12, 'faw': 18, 'rfc': 210}",[[-1000000  1000000  1000000]]
1e-06,"{'cas': 2, 'cwl': 3, 'rcd': 2, 'rp': 2, 'ras': 32, 'rrd': 12, 'faw': 18, 'rfc': 210}",[[-1000000  1000000  1000000]]
86.25999,"{'cas': 9, 'cwl': 18, 'rcd': 2, 'rp': 2, 'ras': 36, 'rrd': 7, 'faw': 13, 'rfc': 630}",[[0.01407889 1.21378    0.01159286]]
86.25999,"{'cas': 9, 'cwl': 18, 'rcd': 2, 'rp': 2, 'ras': 36, 'rrd': 7, 'faw': 13, 'rfc': 630}",[[0.01407889 1.21378    0.01159286]]
88.15393,"{'cas': 24, 'cwl': 4, 'rcd': 14, 'rp': 2, 'ras': 9, 'rrd': 8, 'faw': 2, 'rfc': 210}",[[0.01422561 1.25336    0.01134379]]
88.15393,"{'cas': 24, 'cwl': 4, 'rcd': 14, 'rp': 2, 'ras': 9, 'rrd': 8, 'faw': 2, 'rfc': 210}",[[0.01422561 1.25336    0.01134379]]
89.80924,"{'cas': 6, 'cwl': 14, 'rcd': 2, 'rp': 2, 'ras': 46, 'rrd': 7, 'faw': 18, 'rfc': 485}",[[0.01392195 1.24963    0.01113471]]
89.80924,"{'cas': 6, 'cwl': 14, 'rcd': 2, 'rp': 2, 'ras': 46, 'rrd': 7, 'faw': 18, 'rfc': 485}",[[0.01392195 1.24963    0.01113471]]
83.1876,"{'cas': 25, 'cwl': 5, 'rcd': 24, 'rp': 2, 'ras': 63, 'rrd': 10, 'faw': 7, 'rfc': 630}",[[0.01423718 1.18372    0.01202102]]
83.1876,"{'cas': 25, 'cwl': 5, 'rcd': 24, 'rp': 2, 'ras': 63, 'rrd': 10, 'faw': 7, 'rfc': 630}",[[0.01423718 1.18372    0.01202102]]
89.984276,"{'cas': 5, 'cwl': 13, 'rcd': 2, 'rp': 2, 'ras': 48, 'rrd': 7, 'faw': 21, 'rfc': 440}",[[0.01391471 1.25142    0.01111305]]
89.984276,"{'cas': 5, 'cwl': 13, 'rcd': 2, 'rp': 2, 'ras': 48, 'rrd': 7, 'faw': 21, 'rfc': 440}",[[0.01391471 1.25142    0.01111305]]
70.39701,"{'cas': 31, 'cwl': 5, 'rcd': 31, 'rp': 31, 'ras': 63, 'rrd': 14, 'faw': 2, 'rfc': 630}",[[0.0151483  1.06584    0.01420515]]
70.39701,"{'cas': 31, 'cwl': 5, 'rcd': 31, 'rp': 31, 'ras': 63, 'rrd': 14, 'faw': 2, 'rfc': 630}",[[0.0151483  1.06584    0.01420515]]
90.00452,"{'cas': 5, 'cwl': 13, 'rcd': 2, 'rp': 2, 'ras': 50, 'rrd': 7, 'faw': 21, 'rfc': 462}",[[0.01390406 1.25074    0.01111055]]
90.00452,"{'cas': 5, 'cwl': 13, 'rcd': 2, 'rp': 2, 'ras': 50, 'rrd': 7, 'faw': 21, 'rfc': 462}",[[0.01390406 1.25074    0.01111055]]
89.984276,"{'cas': 5, 'cwl': 13, 'rcd': 2, 'rp': 2, 'ras': 53, 'rrd': 7, 'faw': 20, 'rfc': 572}",[[0.01389073 1.24926    0.01111305]]
89.984276,"{'cas': 5, 'cwl': 13, 'rcd': 2, 'rp': 2, 'ras': 53, 'rrd': 7, 'faw': 20, 'rfc': 572}",[[0.01389073 1.24926    0.01111305]]
90.00452,"{'cas': 6, 'cwl': 13, 'rcd': 2, 'rp': 2, 'ras': 52, 'rrd': 7, 'faw': 24, 'rfc': 392}",[[0.01389447 1.24988    0.01111055]]
90.00452,"{'cas': 6, 'cwl': 13, 'rcd': 2, 'rp': 2, 'ras': 52, 'rrd': 7, 'faw': 24, 'rfc': 392}",[[0.01389447 1.24988    0.01111055]]
89.50124,"{'cas': 5, 'cwl': 13, 'rcd': 2, 'rp': 2, 'ras': 54, 'rrd': 7, 'faw': 16, 'rfc': 492}",[[0.01393354 1.24638    0.01117303]]
89.50124,"{'cas': 5, 'cwl': 13, 'rcd': 2, 'rp': 2, 'ras': 54, 'rrd': 7, 'faw': 16, 'rfc': 492}",[[0.01393354 1.24638    0.01117303]]
89.984276,"{'cas': 6, 'cwl': 13, 'rcd': 2, 'rp': 2, 'ras': 9, 'rrd': 7, 'faw': 55, 'rfc': 330}",[[0.01410139 1.26821    0.01111305]]
89.984276,"{'cas': 6, 'cwl': 13, 'rcd': 2, 'rp': 2, 'ras': 9, 'rrd': 7, 'faw': 55, 'rfc': 330}",[[0.01410139 1.26821    0.01111305]]
89.984276,"{'cas': 8, 'cwl': 13, 'rcd': 2, 'rp': 2, 'ras': 41, 'rrd': 7, 'faw': 32, 'rfc': 439}",[[0.01394827 1.25444    0.01111305]]
89.984276,"{'cas': 8, 'cwl': 13, 'rcd': 2, 'rp': 2, 'ras': 41, 'rrd': 7, 'faw': 32, 'rfc': 439}",[[0.01394827 1.25444    0.01111305]]
89.341385,"{'cas': 6, 'cwl': 12, 'rcd': 2, 'rp': 2, 'ras': 23, 'rrd': 7, 'faw': 52, 'rfc': 313}",[[0.01413115 1.2618     0.01119302]]
89.341385,"{'cas': 6, 'cwl': 12, 'rcd': 2, 'rp': 2, 'ras': 23, 'rrd': 7, 'faw': 52, 'rfc': 313}",[[0.01413115 1.2618     0.01119302]]
89.8563,"{'cas': 2, 'cwl': 14, 'rcd': 2, 'rp': 2, 'ras': 32, 'rrd': 7, 'faw': 34, 'rfc': 461}",[[0.01398598 1.25604    0.01112888]]
89.8563,"{'cas': 2, 'cwl': 14, 'rcd': 2, 'rp': 2, 'ras': 32, 'rrd': 7, 'faw': 34, 'rfc': 461}",[[0.01398598 1.25604    0.01112888]]
89.84285,"{'cas': 22, 'cwl': 14, 'rcd': 2, 'rp': 2, 'ras': 9, 'rrd': 7, 'faw': 59, 'rfc': 623}",[[0.01409577 1.26571    0.01113055]]
89.84285,"{'cas': 22, 'cwl': 14, 'rcd': 2, 'rp': 2, 'ras': 9, 'rrd': 7, 'faw': 59, 'rfc': 623}",[[0.01409577 1.26571    0.01113055]]
90.00452,"{'cas': 8, 'cwl': 13, 'rcd': 2, 'rp': 2, 'ras': 28, 'rrd': 7, 'faw': 28, 'rfc': 388}",[[0.01400937 1.26021    0.01111055]]
90.00452,"{'cas': 8, 'cwl': 13, 'rcd': 2, 'rp': 2, 'ras': 28, 'rrd': 7, 'faw': 28, 'rfc': 388}",[[0.01400937 1.26021    0.01111055]]
90.00452,"{'cas': 11, 'cwl': 13, 'rcd': 2, 'rp': 2, 'ras': 23, 'rrd': 7, 'faw': 23, 'rfc': 532}",[[0.01403334 1.26237    0.01111055]]
90.00452,"{'cas': 11, 'cwl': 13, 'rcd': 2, 'rp': 2, 'ras': 23, 'rrd': 7, 'faw': 23, 'rfc': 532}",[[0.01403334 1.26237    0.01111055]]
89.984276,"{'cas': 14, 'cwl': 13, 'rcd': 2, 'rp': 2, 'ras': 24, 'rrd': 7, 'faw': 19, 'rfc': 559}",[[0.0140296  1.26175    0.01111305]]
89.984276,"{'cas': 14, 'cwl': 13, 'rcd': 2, 'rp': 2, 'ras': 24, 'rrd': 7, 'faw': 19, 'rfc': 559}",[[0.0140296  1.26175    0.01111305]]
89.984276,"{'cas': 4, 'cwl': 13, 'rcd': 2, 'rp': 2, 'ras': 47, 'rrd': 7, 'faw': 9, 'rfc': 590}",[[0.0139195  1.25185    0.01111305]]
89.984276,"{'cas': 4, 'cwl': 13, 'rcd': 2, 'rp': 2, 'ras': 47, 'rrd': 7, 'faw': 9, 'rfc': 590}",[[0.0139195  1.25185    0.01111305]]
89.984276,"{'cas': 15, 'cwl': 13, 'rcd': 2, 'rp': 2, 'ras': 9, 'rrd': 7, 'faw': 2, 'rfc': 630}",[[0.01410139 1.26821    0.01111305]]
89.984276,"{'cas': 15, 'cwl': 13, 'rcd': 2, 'rp': 2, 'ras': 9, 'rrd': 7, 'faw': 2, 'rfc': 630}",[[0.01410139 1.26821    0.01111305]]
89.984276,"{'cas': 9, 'cwl': 13, 'rcd': 2, 'rp': 2, 'ras': 14, 'rrd': 7, 'faw': 2, 'rfc': 630}",[[0.01407742 1.26605    0.01111305]]
89.984276,"{'cas': 9, 'cwl': 13, 'rcd': 2, 'rp': 2, 'ras': 14, 'rrd': 7, 'faw': 2, 'rfc': 630}",[[0.01407742 1.26605    0.01111305]]
89.984276,"{'cas': 11, 'cwl': 13, 'rcd': 2, 'rp': 2, 'ras': 10, 'rrd': 7, 'faw': 15, 'rfc': 528}",[[0.0140966  1.26777    0.01111305]]
89.984276,"{'cas': 11, 'cwl': 13, 'rcd': 2, 'rp': 2, 'ras': 10, 'rrd': 7, 'faw': 15, 'rfc': 528}",[[0.0140966  1.26777    0.01111305]]
89.84285,"{'cas': 26, 'cwl': 14, 'rcd': 2, 'rp': 2, 'ras': 12, 'rrd': 7, 'faw': 2, 'rfc': 620}",[[0.01408152 1.26443    0.01113055]]
89.84285,"{'cas': 26, 'cwl': 14, 'rcd': 2, 'rp': 2, 'ras': 12, 'rrd': 7, 'faw': 2, 'rfc': 620}",[[0.01408152 1.26443    0.01113055]]
89.984276,"{'cas': 4, 'cwl': 13, 'rcd': 2, 'rp': 2, 'ras': 9, 'rrd': 7, 'faw': 2, 'rfc': 630}",[[0.01410139 1.26821    0.01111305]]
89.984276,"{'cas': 4, 'cwl': 13, 'rcd': 2, 'rp': 2, 'ras': 9, 'rrd': 7, 'faw': 2, 'rfc': 630}",[[0.01410139 1.26821    0.01111305]]
1e-06,"{'cas': 2, 'cwl': 2, 'rcd': 2, 'rp': 2, 'ras': 9, 'rrd': 2, 'faw': 2, 'rfc': 630}",[[-1000000  1000000  1000000]]
1e-06,"{'cas': 2, 'cwl': 2, 'rcd': 2, 'rp': 2, 'ras': 9, 'rrd': 2, 'faw': 2, 'rfc': 630}",[[-1000000  1000000  1000000]]
90.00452,"{'cas': 7, 'cwl': 13, 'rcd': 2, 'rp': 2, 'ras': 27, 'rrd': 7, 'faw': 21, 'rfc': 419}",[[0.01401416 1.26064    0.01111055]]
90.00452,"{'cas': 7, 'cwl': 13, 'rcd': 2, 'rp': 2, 'ras': 27, 'rrd': 7, 'faw': 21, 'rfc': 419}",[[0.01401416 1.26064    0.01111055]]
89.984276,"{'cas': 4, 'cwl': 13, 'rcd': 2, 'rp': 2, 'ras': 9, 'rrd': 7, 'faw': 3, 'rfc': 486}",[[0.01410139 1.26821    0.01111305]]
89.984276,"{'cas': 4, 'cwl': 13, 'rcd': 2, 'rp': 2, 'ras': 9, 'rrd': 7, 'faw': 3, 'rfc': 486}",[[0.01410139 1.26821    0.01111305]]
90.00452,"{'cas': 16, 'cwl': 13, 'rcd': 2, 'rp': 2, 'ras': 20, 'rrd': 7, 'faw': 43, 'rfc': 354}",[[0.01404768 1.26366    0.01111055]]
90.00452,"{'cas': 16, 'cwl': 13, 'rcd': 2, 'rp': 2, 'ras': 20, 'rrd': 7, 'faw': 43, 'rfc': 354}",[[0.01404768 1.26366    0.01111055]]
89.984276,"{'cas': 12, 'cwl': 13, 'rcd': 2, 'rp': 2, 'ras': 13, 'rrd': 7, 'faw': 24, 'rfc': 540}",[[0.01408221 1.26648    0.01111305]]
89.984276,"{'cas': 12, 'cwl': 13, 'rcd': 2, 'rp': 2, 'ras': 13, 'rrd': 7, 'faw': 24, 'rfc': 540}",[[0.01408221 1.26648    0.01111305]]
90.00452,"{'cas': 19, 'cwl': 13, 'rcd': 2, 'rp': 2, 'ras': 23, 'rrd': 7, 'faw': 17, 'rfc': 337}",[[0.01403334 1.26237    0.01111055]]
90.00452,"{'cas': 19, 'cwl': 13, 'rcd': 2, 'rp': 2, 'ras': 23, 'rrd': 7, 'faw': 17, 'rfc': 337}",[[0.01403334 1.26237    0.01111055]]
89.984276,"{'cas': 23, 'cwl': 13, 'rcd': 2, 'rp': 2, 'ras': 14, 'rrd': 7, 'faw': 26, 'rfc': 574}",[[0.01407742 1.26605    0.01111305]]
89.984276,"{'cas': 23, 'cwl': 13, 'rcd': 2, 'rp': 2, 'ras': 14, 'rrd': 7, 'faw': 26, 'rfc': 574}",[[0.01407742 1.26605    0.01111305]]
90.00452,"{'cas': 11, 'cwl': 13, 'rcd': 2, 'rp': 2, 'ras': 52, 'rrd': 7, 'faw': 28, 'rfc': 229}",[[0.01389447 1.24988    0.01111055]]
90.00452,"{'cas': 11, 'cwl': 13, 'rcd': 2, 'rp': 2, 'ras': 52, 'rrd': 7, 'faw': 28, 'rfc': 229}",[[0.01389447 1.24988    0.01111055]]
89.494576,"{'cas': 12, 'cwl': 9, 'rcd': 2, 'rp': 2, 'ras': 23, 'rrd': 7, 'faw': 2, 'rfc': 435}",[[0.01412305 1.26324    0.01117386]]
89.494576,"{'cas': 12, 'cwl': 9, 'rcd': 2, 'rp': 2, 'ras': 23, 'rrd': 7, 'faw': 2, 'rfc': 435}",[[0.01412305 1.26324    0.01117386]]
89.984276,"{'cas': 31, 'cwl': 13, 'rcd': 2, 'rp': 2, 'ras': 9, 'rrd': 7, 'faw': 19, 'rfc': 445}",[[0.01410139 1.26821    0.01111305]]
89.984276,"{'cas': 31, 'cwl': 13, 'rcd': 2, 'rp': 2, 'ras': 9, 'rrd': 7, 'faw': 19, 'rfc': 445}",[[0.01410139 1.26821    0.01111305]]
89.5413,"{'cas': 31, 'cwl': 8, 'rcd': 2, 'rp': 2, 'ras': 9, 'rrd': 7, 'faw': 8, 'rfc': 403}",[[0.0141908  1.26996    0.01116803]]
89.5413,"{'cas': 31, 'cwl': 8, 'rcd': 2, 'rp': 2, 'ras': 9, 'rrd': 7, 'faw': 8, 'rfc': 403}",[[0.0141908  1.26996    0.01116803]]
90.00452,"{'cas': 27, 'cwl': 13, 'rcd': 2, 'rp': 2, 'ras': 21, 'rrd': 7, 'faw': 43, 'rfc': 447}",[[0.01404289 1.26323    0.01111055]]
90.00452,"{'cas': 27, 'cwl': 13, 'rcd': 2, 'rp': 2, 'ras': 21, 'rrd': 7, 'faw': 43, 'rfc': 447}",[[0.01404289 1.26323    0.01111055]]
89.984276,"{'cas': 19, 'cwl': 13, 'rcd': 2, 'rp': 2, 'ras': 42, 'rrd': 7, 'faw': 8, 'rfc': 466}",[[0.01394348 1.254      0.01111305]]
89.984276,"{'cas': 19, 'cwl': 13, 'rcd': 2, 'rp': 2, 'ras': 42, 'rrd': 7, 'faw': 8, 'rfc': 466}",[[0.01394348 1.254      0.01111305]]
89.984276,"{'cas': 31, 'cwl': 13, 'rcd': 2, 'rp': 2, 'ras': 15, 'rrd': 7, 'faw': 13, 'rfc': 323}",[[0.01407262 1.26562    0.01111305]]
89.984276,"{'cas': 31, 'cwl': 13, 'rcd': 2, 'rp': 2, 'ras': 15, 'rrd': 7, 'faw': 13, 'rfc': 323}",[[0.01407262 1.26562    0.01111305]]
89.984276,"{'cas': 23, 'cwl': 13, 'rcd': 2, 'rp': 2, 'ras': 17, 'rrd': 7, 'faw': 27, 'rfc': 345}",[[0.01406308 1.26476    0.01111305]]
89.984276,"{'cas': 23, 'cwl': 13, 'rcd': 2, 'rp': 2, 'ras': 17, 'rrd': 7, 'faw': 27, 'rfc': 345}",[[0.01406308 1.26476    0.01111305]]
90.00452,"{'cas': 24, 'cwl': 13, 'rcd': 2, 'rp': 2, 'ras': 34, 'rrd': 7, 'faw': 14, 'rfc': 544}",[[0.0139806  1.25763    0.01111055]]
90.00452,"{'cas': 24, 'cwl': 13, 'rcd': 2, 'rp': 2, 'ras': 34, 'rrd': 7, 'faw': 14, 'rfc': 544}",[[0.0139806  1.25763    0.01111055]]
89.48123,"{'cas': 31, 'cwl': 9, 'rcd': 2, 'rp': 2, 'ras': 9, 'rrd': 7, 'faw': 2, 'rfc': 268}",[[0.01419397 1.2694     0.01117553]]
89.48123,"{'cas': 31, 'cwl': 9, 'rcd': 2, 'rp': 2, 'ras': 9, 'rrd': 7, 'faw': 2, 'rfc': 268}",[[0.01419397 1.2694     0.01117553]]
89.984276,"{'cas': 30, 'cwl': 13, 'rcd': 2, 'rp': 2, 'ras': 18, 'rrd': 7, 'faw': 30, 'rfc': 366}",[[0.01405828 1.26433    0.01111305]]
89.984276,"{'cas': 30, 'cwl': 13, 'rcd': 2, 'rp': 2, 'ras': 18, 'rrd': 7, 'faw': 30, 'rfc': 366}",[[0.01405828 1.26433    0.01111305]]
89.984276,"{'cas': 5, 'cwl': 13, 'rcd': 2, 'rp': 2, 'ras': 9, 'rrd': 7, 'faw': 13, 'rfc': 360}",[[0.01410139 1.26821    0.01111305]]
89.984276,"{'cas': 5, 'cwl': 13, 'rcd': 2, 'rp': 2, 'ras': 9, 'rrd': 7, 'faw': 13, 'rfc': 360}",[[0.01410139 1.26821    0.01111305]]
89.984276,"{'cas': 17, 'cwl': 13, 'rcd': 2, 'rp': 2, 'ras': 9, 'rrd': 7, 'faw': 2, 'rfc': 515}",[[0.01410139 1.26821    0.01111305]]
89.984276,"{'cas': 17, 'cwl': 13, 'rcd': 2, 'rp': 2, 'ras': 9, 'rrd': 7, 'faw': 2, 'rfc': 515}",[[0.01410139 1.26821    0.01111305]]
89.984276,"{'cas': 24, 'cwl': 13, 'rcd': 2, 'rp': 2, 'ras': 9, 'rrd': 7, 'faw': 32, 'rfc': 583}",[[0.01410139 1.26821    0.01111305]]
89.984276,"{'cas': 24, 'cwl': 13, 'rcd': 2, 'rp': 2, 'ras': 9, 'rrd': 7, 'faw': 32, 'rfc': 583}",[[0.01410139 1.26821    0.01111305]]
90.00452,"{'cas': 16, 'cwl': 13, 'rcd': 2, 'rp': 2, 'ras': 38, 'rrd': 7, 'faw': 23, 'rfc': 279}",[[0.01396156 1.25591    0.01111055]]
90.00452,"{'cas': 16, 'cwl': 13, 'rcd': 2, 'rp': 2, 'ras': 38, 'rrd': 7, 'faw': 23, 'rfc': 279}",[[0.01396156 1.25591    0.01111055]]
90.00452,"{'cas': 20, 'cwl': 13, 'rcd': 2, 'rp': 2, 'ras': 25, 'rrd': 6, 'faw': 38, 'rfc': 435}",[[0.01402375 1.26151    0.01111055]]
90.00452,"{'cas': 20, 'cwl': 13, 'rcd': 2, 'rp': 2, 'ras': 25, 'rrd': 6, 'faw': 38, 'rfc': 435}",[[0.01402375 1.26151    0.01111055]]
89.984276,"{'cas': 8, 'cwl': 13, 'rcd': 2, 'rp': 2, 'ras': 16, 'rrd': 7, 'faw': 51, 'rfc': 563}",[[0.01406787 1.26519    0.01111305]]
89.984276,"{'cas': 8, 'cwl': 13, 'rcd': 2, 'rp': 2, 'ras': 16, 'rrd': 7, 'faw': 51, 'rfc': 563}",[[0.01406787 1.26519    0.01111305]]
89.984276,"{'cas': 11, 'cwl': 13, 'rcd': 2, 'rp': 2, 'ras': 42, 'rrd': 7, 'faw': 26, 'rfc': 518}",[[0.01394348 1.254      0.01111305]]
89.984276,"{'cas': 11, 'cwl': 13, 'rcd': 2, 'rp': 2, 'ras': 42, 'rrd': 7, 'faw': 26, 'rfc': 518}",[[0.01394348 1.254      0.01111305]]
90.00452,"{'cas': 10, 'cwl': 13, 'rcd': 2, 'rp': 2, 'ras': 28, 'rrd': 7, 'faw': 32, 'rfc': 610}",[[0.01400937 1.26021    0.01111055]]
90.00452,"{'cas': 10, 'cwl': 13, 'rcd': 2, 'rp': 2, 'ras': 28, 'rrd': 7, 'faw': 32, 'rfc': 610}",[[0.01400937 1.26021    0.01111055]]
89.984276,"{'cas': 7, 'cwl': 13, 'rcd': 2, 'rp': 2, 'ras': 13, 'rrd': 7, 'faw': 44, 'rfc': 419}",[[0.01408221 1.26648    0.01111305]]
89.984276,"{'cas': 7, 'cwl': 13, 'rcd': 2, 'rp': 2, 'ras': 13, 'rrd': 7, 'faw': 44, 'rfc': 419}",[[0.01408221 1.26648    0.01111305]]
89.984276,"{'cas': 18, 'cwl': 13, 'rcd': 2, 'rp': 2, 'ras': 48, 'rrd': 7, 'faw': 32, 'rfc': 345}",[[0.01391471 1.25142    0.01111305]]
89.984276,"{'cas': 18, 'cwl': 13, 'rcd': 2, 'rp': 2, 'ras': 48, 'rrd': 7, 'faw': 32, 'rfc': 345}",[[0.01391471 1.25142    0.01111305]]
89.984276,"{'cas': 30, 'cwl': 13, 'rcd': 2, 'rp': 2, 'ras': 26, 'rrd': 7, 'faw': 31, 'rfc': 451}",[[0.01402001 1.26089    0.01111305]]
89.984276,"{'cas': 30, 'cwl': 13, 'rcd': 2, 'rp': 2, 'ras': 26, 'rrd': 7, 'faw': 31, 'rfc': 451}",[[0.01402001 1.26089    0.01111305]]
89.984276,"{'cas': 29, 'cwl': 13, 'rcd': 2, 'rp': 2, 'ras': 13, 'rrd': 7, 'faw': 25, 'rfc': 488}",[[0.01408221 1.26648    0.01111305]]
89.984276,"{'cas': 29, 'cwl': 13, 'rcd': 2, 'rp': 2, 'ras': 13, 'rrd': 7, 'faw': 25, 'rfc': 488}",[[0.01408221 1.26648    0.01111305]]
90.00452,"{'cas': 31, 'cwl': 13, 'rcd': 2, 'rp': 2, 'ras': 29, 'rrd': 7, 'faw': 33, 'rfc': 521}",[[0.01400457 1.25978    0.01111055]]
90.00452,"{'cas': 31, 'cwl': 13, 'rcd': 2, 'rp': 2, 'ras': 29, 'rrd': 7, 'faw': 33, 'rfc': 521}",[[0.01400457 1.25978    0.01111055]]
89.984276,"{'cas': 12, 'cwl': 13, 'rcd': 2, 'rp': 2, 'ras': 9, 'rrd': 7, 'faw': 33, 'rfc': 411}",[[0.01410139 1.26821    0.01111305]]
89.984276,"{'cas': 12, 'cwl': 13, 'rcd': 2, 'rp': 2, 'ras': 9, 'rrd': 7, 'faw': 33, 'rfc': 411}",[[0.01410139 1.26821    0.01111305]]
89.984276,"{'cas': 31, 'cwl': 13, 'rcd': 2, 'rp': 2, 'ras': 9, 'rrd': 6, 'faw': 3, 'rfc': 609}",[[0.01410139 1.26821    0.01111305]]
89.984276,"{'cas': 31, 'cwl': 13, 'rcd': 2, 'rp': 2, 'ras': 9, 'rrd': 6, 'faw': 3, 'rfc': 609}",[[0.01410139 1.26821    0.01111305]]
90.00452,"{'cas': 17, 'cwl': 13, 'rcd': 2, 'rp': 2, 'ras': 19, 'rrd': 7, 'faw': 11, 'rfc': 366}",[[0.01405243 1.26409    0.01111055]]
90.00452,"{'cas': 17, 'cwl': 13, 'rcd': 2, 'rp': 2, 'ras': 19, 'rrd': 7, 'faw': 11, 'rfc': 366}",[[0.01405243 1.26409    0.01111055]]
89.8563,"{'cas': 20, 'cwl': 14, 'rcd': 2, 'rp': 2, 'ras': 39, 'rrd': 7, 'faw': 6, 'rfc': 284}",[[0.01395273 1.25305    0.01112888]]
89.8563,"{'cas': 20, 'cwl': 14, 'rcd': 2, 'rp': 2, 'ras': 39, 'rrd': 7, 'faw': 6, 'rfc': 284}",[[0.01395273 1.25305    0.01112888]]
89.984276,"{'cas': 12, 'cwl': 13, 'rcd': 2, 'rp': 2, 'ras': 14, 'rrd': 7, 'faw': 27, 'rfc': 538}",[[0.01407742 1.26605    0.01111305]]
89.984276,"{'cas': 12, 'cwl': 13, 'rcd': 2, 'rp': 2, 'ras': 14, 'rrd': 7, 'faw': 27, 'rfc': 538}",[[0.01407742 1.26605    0.01111305]]
90.00452,"{'cas': 3, 'cwl': 13, 'rcd': 2, 'rp': 2, 'ras': 45, 'rrd': 7, 'faw': 12, 'rfc': 416}",[[0.01392804 1.2529     0.01111055]]
90.00452,"{'cas': 3, 'cwl': 13, 'rcd': 2, 'rp': 2, 'ras': 45, 'rrd': 7, 'faw': 12, 'rfc': 416}",[[0.01392804 1.2529     0.01111055]]
89.984276,"{'cas': 30, 'cwl': 13, 'rcd': 2, 'rp': 2, 'ras': 47, 'rrd': 7, 'faw': 42, 'rfc': 354}",[[0.0139195  1.25185    0.01111305]]
89.984276,"{'cas': 30, 'cwl': 13, 'rcd': 2, 'rp': 2, 'ras': 47, 'rrd': 7, 'faw': 42, 'rfc': 354}",[[0.0139195  1.25185    0.01111305]]
89.984276,"{'cas': 23, 'cwl': 13, 'rcd': 2, 'rp': 2, 'ras': 10, 'rrd': 7, 'faw': 15, 'rfc': 544}",[[0.0140966  1.26777    0.01111305]]
89.984276,"{'cas': 23, 'cwl': 13, 'rcd': 2, 'rp': 2, 'ras': 10, 'rrd': 7, 'faw': 15, 'rfc': 544}",[[0.0140966  1.26777    0.01111305]]
87.645485,"{'cas': 26, 'cwl': 13, 'rcd': 2, 'rp': 2, 'ras': 61, 'rrd': 7, 'faw': 12, 'rfc': 351}",[[0.01396688 1.22347    0.0114096 ]]
87.645485,"{'cas': 26, 'cwl': 13, 'rcd': 2, 'rp': 2, 'ras': 61, 'rrd': 7, 'faw': 12, 'rfc': 351}",[[0.01396688 1.22347    0.0114096 ]]
90.00452,"{'cas': 2, 'cwl': 13, 'rcd': 2, 'rp': 2, 'ras': 22, 'rrd': 7, 'faw': 52, 'rfc': 290}",[[0.01403814 1.2628     0.01111055]]
90.00452,"{'cas': 2, 'cwl': 13, 'rcd': 2, 'rp': 2, 'ras': 22, 'rrd': 7, 'faw': 52, 'rfc': 290}",[[0.01403814 1.2628     0.01111055]]
90.00452,"{'cas': 22, 'cwl': 13, 'rcd': 2, 'rp': 2, 'ras': 22, 'rrd': 7, 'faw': 18, 'rfc': 595}",[[0.01403814 1.2628     0.01111055]]
90.00452,"{'cas': 22, 'cwl': 13, 'rcd': 2, 'rp': 2, 'ras': 22, 'rrd': 7, 'faw': 18, 'rfc': 595}",[[0.01403814 1.2628     0.01111055]]
90.00452,"{'cas': 27, 'cwl': 13, 'rcd': 2, 'rp': 2, 'ras': 23, 'rrd': 7, 'faw': 61, 'rfc': 442}",[[0.01403334 1.26237    0.01111055]]
90.00452,"{'cas': 27, 'cwl': 13, 'rcd': 2, 'rp': 2, 'ras': 23, 'rrd': 7, 'faw': 61, 'rfc': 442}",[[0.01403334 1.26237    0.01111055]]
89.984276,"{'cas': 10, 'cwl': 13, 'rcd': 2, 'rp': 2, 'ras': 48, 'rrd': 7, 'faw': 27, 'rfc': 581}",[[0.01391471 1.25142    0.01111305]]
89.984276,"{'cas': 10, 'cwl': 13, 'rcd': 2, 'rp': 2, 'ras': 48, 'rrd': 7, 'faw': 27, 'rfc': 581}",[[0.01391471 1.25142    0.01111305]]
90.00452,"{'cas': 12, 'cwl': 13, 'rcd': 2, 'rp': 2, 'ras': 49, 'rrd': 7, 'faw': 40, 'rfc': 444}",[[0.01390886 1.25117    0.01111055]]
90.00452,"{'cas': 12, 'cwl': 13, 'rcd': 2, 'rp': 2, 'ras': 49, 'rrd': 7, 'faw': 40, 'rfc': 444}",[[0.01390886 1.25117    0.01111055]]
89.44123,"{'cas': 7, 'cwl': 9, 'rcd': 2, 'rp': 2, 'ras': 45, 'rrd': 7, 'faw': 11, 'rfc': 379}",[[0.01401532 1.25286    0.01118053]]
89.44123,"{'cas': 7, 'cwl': 9, 'rcd': 2, 'rp': 2, 'ras': 45, 'rrd': 7, 'faw': 11, 'rfc': 379}",[[0.01401532 1.25286    0.01118053]]
90.00452,"{'cas': 14, 'cwl': 13, 'rcd': 2, 'rp': 2, 'ras': 49, 'rrd': 7, 'faw': 34, 'rfc': 321}",[[0.01390886 1.25117    0.01111055]]
90.00452,"{'cas': 14, 'cwl': 13, 'rcd': 2, 'rp': 2, 'ras': 49, 'rrd': 7, 'faw': 34, 'rfc': 321}",[[0.01390886 1.25117    0.01111055]]
90.00452,"{'cas': 9, 'cwl': 13, 'rcd': 2, 'rp': 2, 'ras': 21, 'rrd': 7, 'faw': 37, 'rfc': 215}",[[0.01404289 1.26323    0.01111055]]
90.00452,"{'cas': 9, 'cwl': 13, 'rcd': 2, 'rp': 2, 'ras': 21, 'rrd': 7, 'faw': 37, 'rfc': 215}",[[0.01404289 1.26323    0.01111055]]
89.984276,"{'cas': 8, 'cwl': 13, 'rcd': 2, 'rp': 2, 'ras': 48, 'rrd': 7, 'faw': 27, 'rfc': 386}",[[0.01391471 1.25142    0.01111305]]
89.984276,"{'cas': 8, 'cwl': 13, 'rcd': 2, 'rp': 2, 'ras': 48, 'rrd': 7, 'faw': 27, 'rfc': 386}",[[0.01391471 1.25142    0.01111305]]
90.00452,"{'cas': 9, 'cwl': 13, 'rcd': 2, 'rp': 2, 'ras': 49, 'rrd': 7, 'faw': 60, 'rfc': 337}",[[0.01390886 1.25117    0.01111055]]
90.00452,"{'cas': 9, 'cwl': 13, 'rcd': 2, 'rp': 2, 'ras': 49, 'rrd': 7, 'faw': 60, 'rfc': 337}",[[0.01390886 1.25117    0.01111055]]
90.00452,"{'cas': 10, 'cwl': 13, 'rcd': 2, 'rp': 2, 'ras': 49, 'rrd': 7, 'faw': 51, 'rfc': 251}",[[0.01390886 1.25117    0.01111055]]
90.00452,"{'cas': 10, 'cwl': 13, 'rcd': 2, 'rp': 2, 'ras': 49, 'rrd': 7, 'faw': 51, 'rfc': 251}",[[0.01390886 1.25117    0.01111055]]
90.00452,"{'cas': 9, 'cwl': 13, 'rcd': 2, 'rp': 2, 'ras': 49, 'rrd': 7, 'faw': 58, 'rfc': 408}",[[0.01390886 1.25117    0.01111055]]
90.00452,"{'cas': 9, 'cwl': 13, 'rcd': 2, 'rp': 2, 'ras': 49, 'rrd': 7, 'faw': 58, 'rfc': 408}",[[0.01390886 1.25117    0.01111055]]
89.984276,"{'cas': 5, 'cwl': 13, 'rcd': 2, 'rp': 2, 'ras': 47, 'rrd': 7, 'faw': 2, 'rfc': 489}",[[0.0139195  1.25185    0.01111305]]
89.984276,"{'cas': 5, 'cwl': 13, 'rcd': 2, 'rp': 2, 'ras': 47, 'rrd': 7, 'faw': 2, 'rfc': 489}",[[0.0139195  1.25185    0.01111305]]
90.00452,"{'cas': 24, 'cwl': 13, 'rcd': 2, 'rp': 2, 'ras': 23, 'rrd': 7, 'faw': 7, 'rfc': 302}",[[0.01403334 1.26237    0.01111055]]
90.00452,"{'cas': 24, 'cwl': 13, 'rcd': 2, 'rp': 2, 'ras': 23, 'rrd': 7, 'faw': 7, 'rfc': 302}",[[0.01403334 1.26237    0.01111055]]
89.984276,"{'cas': 28, 'cwl': 13, 'rcd': 2, 'rp': 2, 'ras': 26, 'rrd': 7, 'faw': 27, 'rfc': 538}",[[0.01402001 1.26089    0.01111305]]
89.984276,"{'cas': 28, 'cwl': 13, 'rcd': 2, 'rp': 2, 'ras': 26, 'rrd': 7, 'faw': 27, 'rfc': 538}",[[0.01402001 1.26089    0.01111305]]
90.00452,"{'cas': 13, 'cwl': 13, 'rcd': 2, 'rp': 2, 'ras': 45, 'rrd': 7, 'faw': 30, 'rfc': 250}",[[0.01392804 1.2529     0.01111055]]
90.00452,"{'cas': 13, 'cwl': 13, 'rcd': 2, 'rp': 2, 'ras': 45, 'rrd': 7, 'faw': 30, 'rfc': 250}",[[0.01392804 1.2529     0.01111055]]
90.00452,"{'cas': 14, 'cwl': 13, 'rcd': 2, 'rp': 2, 'ras': 22, 'rrd': 7, 'faw': 41, 'rfc': 286}",[[0.01403814 1.2628     0.01111055]]
90.00452,"{'cas': 14, 'cwl': 13, 'rcd': 2, 'rp': 2, 'ras': 22, 'rrd': 7, 'faw': 41, 'rfc': 286}",[[0.01403814 1.2628     0.01111055]]
90.00452,"{'cas': 15, 'cwl': 13, 'rcd': 2, 'rp': 2, 'ras': 49, 'rrd': 7, 'faw': 44, 'rfc': 430}",[[0.01390886 1.25117    0.01111055]]
90.00452,"{'cas': 15, 'cwl': 13, 'rcd': 2, 'rp': 2, 'ras': 49, 'rrd': 7, 'faw': 44, 'rfc': 430}",[[0.01390886 1.25117    0.01111055]]
89.984276,"{'cas': 14, 'cwl': 13, 'rcd': 2, 'rp': 2, 'ras': 48, 'rrd': 7, 'faw': 59, 'rfc': 351}",[[0.01391471 1.25142    0.01111305]]
89.984276,"{'cas': 14, 'cwl': 13, 'rcd': 2, 'rp': 2, 'ras': 48, 'rrd': 7, 'faw': 59, 'rfc': 351}",[[0.01391471 1.25142    0.01111305]]
90.00452,"{'cas': 11, 'cwl': 13, 'rcd': 2, 'rp': 2, 'ras': 49, 'rrd': 7, 'faw': 18, 'rfc': 262}",[[0.01390886 1.25117    0.01111055]]
90.00452,"{'cas': 11, 'cwl': 13, 'rcd': 2, 'rp': 2, 'ras': 49, 'rrd': 7, 'faw': 18, 'rfc': 262}",[[0.01390886 1.25117    0.01111055]]
89.984276,"{'cas': 12, 'cwl': 13, 'rcd': 2, 'rp': 2, 'ras': 48, 'rrd': 7, 'faw': 17, 'rfc': 564}",[[0.01391471 1.25142    0.01111305]]
89.984276,"{'cas': 12, 'cwl': 13, 'rcd': 2, 'rp': 2, 'ras': 48, 'rrd': 7, 'faw': 17, 'rfc': 564}",[[0.01391471 1.25142    0.01111305]]
90.00452,"{'cas': 6, 'cwl': 13, 'rcd': 2, 'rp': 2, 'ras': 49, 'rrd': 7, 'faw': 25, 'rfc': 245}",[[0.01390886 1.25117    0.01111055]]
90.00452,"{'cas': 6, 'cwl': 13, 'rcd': 2, 'rp': 2, 'ras': 49, 'rrd': 7, 'faw': 25, 'rfc': 245}",[[0.01390886 1.25117    0.01111055]]
90.00452,"{'cas': 15, 'cwl': 13, 'rcd': 2, 'rp': 2, 'ras': 22, 'rrd': 7, 'faw': 41, 'rfc': 474}",[[0.01403814 1.2628     0.01111055]]
90.00452,"{'cas': 15, 'cwl': 13, 'rcd': 2, 'rp': 2, 'ras': 22, 'rrd': 7, 'faw': 41, 'rfc': 474}",[[0.01403814 1.2628     0.01111055]]
89.8563,"{'cas': 31, 'cwl': 14, 'rcd': 2, 'rp': 2, 'ras': 25, 'rrd': 7, 'faw': 49, 'rfc': 390}",[[0.01401922 1.25902    0.01112888]]
89.8563,"{'cas': 31, 'cwl': 14, 'rcd': 2, 'rp': 2, 'ras': 25, 'rrd': 7, 'faw': 49, 'rfc': 390}",[[0.01401922 1.25902    0.01112888]]
90.00452,"{'cas': 10, 'cwl': 13, 'rcd': 2, 'rp': 2, 'ras': 49, 'rrd': 7, 'faw': 27, 'rfc': 243}",[[0.01390886 1.25117    0.01111055]]
90.00452,"{'cas': 10, 'cwl': 13, 'rcd': 2, 'rp': 2, 'ras': 49, 'rrd': 7, 'faw': 27, 'rfc': 243}",[[0.01390886 1.25117    0.01111055]]
90.00452,"{'cas': 9, 'cwl': 13, 'rcd': 2, 'rp': 2, 'ras': 49, 'rrd': 7, 'faw': 42, 'rfc': 378}",[[0.01390886 1.25117    0.01111055]]
90.00452,"{'cas': 9, 'cwl': 13, 'rcd': 2, 'rp': 2, 'ras': 49, 'rrd': 7, 'faw': 42, 'rfc': 378}",[[0.01390886 1.25117    0.01111055]]
90.00452,"{'cas': 18, 'cwl': 13, 'rcd': 2, 'rp': 2, 'ras': 49, 'rrd': 7, 'faw': 11, 'rfc': 214}",[[0.01390886 1.25117    0.01111055]]
90.00452,"{'cas': 18, 'cwl': 13, 'rcd': 2, 'rp': 2, 'ras': 49, 'rrd': 7, 'faw': 11, 'rfc': 214}",[[0.01390886 1.25117    0.01111055]]
89.984276,"{'cas': 2, 'cwl': 13, 'rcd': 2, 'rp': 2, 'ras': 24, 'rrd': 7, 'faw': 39, 'rfc': 374}",[[0.0140296  1.26175    0.01111305]]
89.984276,"{'cas': 2, 'cwl': 13, 'rcd': 2, 'rp': 2, 'ras': 24, 'rrd': 7, 'faw': 39, 'rfc': 374}",[[0.0140296  1.26175    0.01111305]]
89.33474,"{'cas': 7, 'cwl': 12, 'rcd': 2, 'rp': 2, 'ras': 48, 'rrd': 7, 'faw': 49, 'rfc': 381}",[[0.01400588 1.25052    0.01119385]]
89.33474,"{'cas': 7, 'cwl': 12, 'rcd': 2, 'rp': 2, 'ras': 48, 'rrd': 7, 'faw': 49, 'rfc': 381}",[[0.01400588 1.25052    0.01119385]]
89.56134,"{'cas': 14, 'cwl': 8, 'rcd': 2, 'rp': 2, 'ras': 45, 'rrd': 7, 'faw': 16, 'rfc': 364}",[[0.01400898 1.25397    0.01116553]]
89.56134,"{'cas': 14, 'cwl': 8, 'rcd': 2, 'rp': 2, 'ras': 45, 'rrd': 7, 'faw': 16, 'rfc': 364}",[[0.01400898 1.25397    0.01116553]]
89.50124,"{'cas': 7, 'cwl': 8, 'rcd': 2, 'rp': 2, 'ras': 46, 'rrd': 7, 'faw': 42, 'rfc': 522}",[[0.01400713 1.25297    0.01117303]]
89.50124,"{'cas': 7, 'cwl': 8, 'rcd': 2, 'rp': 2, 'ras': 46, 'rrd': 7, 'faw': 42, 'rfc': 522}",[[0.01400713 1.25297    0.01117303]]
89.48123,"{'cas': 6, 'cwl': 9, 'rcd': 2, 'rp': 2, 'ras': 48, 'rrd': 7, 'faw': 14, 'rfc': 466}",[[0.01399813 1.25188    0.01117553]]
89.48123,"{'cas': 6, 'cwl': 9, 'rcd': 2, 'rp': 2, 'ras': 48, 'rrd': 7, 'faw': 14, 'rfc': 466}",[[0.01399813 1.25188    0.01117553]]
72.562874,"{'cas': 22, 'cwl': 5, 'rcd': 31, 'rp': 26, 'ras': 63, 'rrd': 12, 'faw': 24, 'rfc': 243}",[[0.01495833 1.08485    0.01378115]]
72.562874,"{'cas': 22, 'cwl': 5, 'rcd': 31, 'rp': 26, 'ras': 63, 'rrd': 12, 'faw': 24, 'rfc': 243}",[[0.01495833 1.08485    0.01378115]]
89.50124,"{'cas': 27, 'cwl': 8, 'rcd': 2, 'rp': 2, 'ras': 46, 'rrd': 7, 'faw': 18, 'rfc': 534}",[[0.01400713 1.25297    0.01117303]]
89.50124,"{'cas': 27, 'cwl': 8, 'rcd': 2, 'rp': 2, 'ras': 46, 'rrd': 7, 'faw': 18, 'rfc': 534}",[[0.01400713 1.25297    0.01117303]]
89.494576,"{'cas': 23, 'cwl': 9, 'rcd': 2, 'rp': 2, 'ras': 46, 'rrd': 7, 'faw': 3, 'rfc': 333}",[[0.01400748 1.2529     0.01117386]]
89.494576,"{'cas': 23, 'cwl': 9, 'rcd': 2, 'rp': 2, 'ras': 46, 'rrd': 7, 'faw': 3, 'rfc': 333}",[[0.01400748 1.2529     0.01117386]]
89.50124,"{'cas': 12, 'cwl': 9, 'rcd': 2, 'rp': 2, 'ras': 47, 'rrd': 7, 'faw': 11, 'rfc': 249}",[[0.0140021  1.25252    0.01117303]]
89.50124,"{'cas': 12, 'cwl': 9, 'rcd': 2, 'rp': 2, 'ras': 47, 'rrd': 7, 'faw': 11, 'rfc': 249}",[[0.0140021  1.25252    0.01117303]]
90.00452,"{'cas': 18, 'cwl': 13, 'rcd': 2, 'rp': 2, 'ras': 19, 'rrd': 7, 'faw': 18, 'rfc': 303}",[[0.01405243 1.26409    0.01111055]]
90.00452,"{'cas': 18, 'cwl': 13, 'rcd': 2, 'rp': 2, 'ras': 19, 'rrd': 7, 'faw': 18, 'rfc': 303}",[[0.01405243 1.26409    0.01111055]]
89.50124,"{'cas': 12, 'cwl': 9, 'rcd': 2, 'rp': 2, 'ras': 47, 'rrd': 7, 'faw': 28, 'rfc': 275}",[[0.0140021  1.25252    0.01117303]]
89.50124,"{'cas': 12, 'cwl': 9, 'rcd': 2, 'rp': 2, 'ras': 47, 'rrd': 7, 'faw': 28, 'rfc': 275}",[[0.0140021  1.25252    0.01117303]]
89.50124,"{'cas': 24, 'cwl': 9, 'rcd': 2, 'rp': 2, 'ras': 47, 'rrd': 7, 'faw': 14, 'rfc': 287}",[[0.0140021  1.25252    0.01117303]]
89.50124,"{'cas': 24, 'cwl': 9, 'rcd': 2, 'rp': 2, 'ras': 47, 'rrd': 7, 'faw': 14, 'rfc': 287}",[[0.0140021  1.25252    0.01117303]]
88.34856,"{'cas': 24, 'cwl': 9, 'rcd': 8, 'rp': 2, 'ras': 34, 'rrd': 7, 'faw': 33, 'rfc': 448}",[[0.01412902 1.2476     0.0113188 ]]
88.34856,"{'cas': 24, 'cwl': 9, 'rcd': 8, 'rp': 2, 'ras': 34, 'rrd': 7, 'faw': 33, 'rfc': 448}",[[0.01412902 1.2476     0.0113188 ]]
87.01654,"{'cas': 21, 'cwl': 5, 'rcd': 18, 'rp': 2, 'ras': 9, 'rrd': 8, 'faw': 21, 'rfc': 210}",[[0.01428827 1.24264    0.01149207]]
87.01654,"{'cas': 21, 'cwl': 5, 'rcd': 18, 'rp': 2, 'ras': 9, 'rrd': 8, 'faw': 21, 'rfc': 210}",[[0.01428827 1.24264    0.01149207]]
84.51705,"{'cas': 17, 'cwl': 4, 'rcd': 16, 'rp': 2, 'ras': 63, 'rrd': 9, 'faw': 54, 'rfc': 389}",[[0.01416799 1.19679    0.01183193]]
84.51705,"{'cas': 17, 'cwl': 4, 'rcd': 16, 'rp': 2, 'ras': 63, 'rrd': 9, 'faw': 54, 'rfc': 389}",[[0.01416799 1.19679    0.01183193]]
81.81559,"{'cas': 4, 'cwl': 2, 'rcd': 31, 'rp': 2, 'ras': 63, 'rrd': 4, 'faw': 39, 'rfc': 275}",[[0.01432232 1.17116    0.01222261]]
81.81559,"{'cas': 4, 'cwl': 2, 'rcd': 31, 'rp': 2, 'ras': 63, 'rrd': 4, 'faw': 39, 'rfc': 275}",[[0.01432232 1.17116    0.01222261]]
87.767235,"{'cas': 18, 'cwl': 4, 'rcd': 16, 'rp': 2, 'ras': 43, 'rrd': 7, 'faw': 2, 'rfc': 210}",[[0.01408058 1.23514    0.01139377]]
87.767235,"{'cas': 18, 'cwl': 4, 'rcd': 16, 'rp': 2, 'ras': 43, 'rrd': 7, 'faw': 2, 'rfc': 210}",[[0.01408058 1.23514    0.01139377]]
82.19652,"{'cas': 2, 'cwl': 31, 'rcd': 2, 'rp': 2, 'ras': 9, 'rrd': 2, 'faw': 63, 'rfc': 210}",[[0.01443963 1.18625    0.01216596]]
82.19652,"{'cas': 2, 'cwl': 31, 'rcd': 2, 'rp': 2, 'ras': 9, 'rrd': 2, 'faw': 63, 'rfc': 210}",[[0.01443963 1.18625    0.01216596]]
74.63352,"{'cas': 2, 'cwl': 31, 'rcd': 31, 'rp': 2, 'ras': 63, 'rrd': 2, 'faw': 63, 'rfc': 210}",[[0.01472296 1.09825    0.0133988 ]]
74.63352,"{'cas': 2, 'cwl': 31, 'rcd': 31, 'rp': 2, 'ras': 63, 'rrd': 2, 'faw': 63, 'rfc': 210}",[[0.01472296 1.09825    0.0133988 ]]
89.984276,"{'cas': 18, 'cwl': 13, 'rcd': 2, 'rp': 2, 'ras': 17, 'rrd': 7, 'faw': 15, 'rfc': 311}",[[0.01406308 1.26476    0.01111305]]
89.984276,"{'cas': 18, 'cwl': 13, 'rcd': 2, 'rp': 2, 'ras': 17, 'rrd': 7, 'faw': 15, 'rfc': 311}",[[0.01406308 1.26476    0.01111305]]
76.158104,"{'cas': 2, 'cwl': 31, 'rcd': 31, 'rp': 2, 'ras': 9, 'rrd': 15, 'faw': 63, 'rfc': 253}",[[0.01484858 1.13024    0.01313058]]
76.158104,"{'cas': 2, 'cwl': 31, 'rcd': 31, 'rp': 2, 'ras': 9, 'rrd': 15, 'faw': 63, 'rfc': 253}",[[0.01484858 1.13024    0.01313058]]
89.61482,"{'cas': 13, 'cwl': 14, 'rcd': 2, 'rp': 3, 'ras': 50, 'rrd': 7, 'faw': 18, 'rfc': 436}",[[0.0139471  1.24918    0.01115887]]
89.61482,"{'cas': 13, 'cwl': 14, 'rcd': 2, 'rp': 3, 'ras': 50, 'rrd': 7, 'faw': 18, 'rfc': 436}",[[0.0139471  1.24918    0.01115887]]
89.984276,"{'cas': 23, 'cwl': 13, 'rcd': 2, 'rp': 2, 'ras': 16, 'rrd': 6, 'faw': 52, 'rfc': 485}",[[0.01406787 1.26519    0.01111305]]
89.984276,"{'cas': 23, 'cwl': 13, 'rcd': 2, 'rp': 2, 'ras': 16, 'rrd': 6, 'faw': 52, 'rfc': 485}",[[0.01406787 1.26519    0.01111305]]
89.84285,"{'cas': 20, 'cwl': 14, 'rcd': 2, 'rp': 2, 'ras': 18, 'rrd': 6, 'faw': 36, 'rfc': 392}",[[0.01405307 1.26187    0.01113055]]
89.84285,"{'cas': 20, 'cwl': 14, 'rcd': 2, 'rp': 2, 'ras': 18, 'rrd': 6, 'faw': 36, 'rfc': 392}",[[0.01405307 1.26187    0.01113055]]
89.50124,"{'cas': 12, 'cwl': 9, 'rcd': 2, 'rp': 2, 'ras': 47, 'rrd': 7, 'faw': 55, 'rfc': 341}",[[0.0140021  1.25252    0.01117303]]
89.50124,"{'cas': 12, 'cwl': 9, 'rcd': 2, 'rp': 2, 'ras': 47, 'rrd': 7, 'faw': 55, 'rfc': 341}",[[0.0140021  1.25252    0.01117303]]
89.8563,"{'cas': 24, 'cwl': 14, 'rcd': 2, 'rp': 2, 'ras': 22, 'rrd': 7, 'faw': 52, 'rfc': 588}",[[0.01403347 1.2603     0.01112888]]
89.8563,"{'cas': 24, 'cwl': 14, 'rcd': 2, 'rp': 2, 'ras': 22, 'rrd': 7, 'faw': 52, 'rfc': 588}",[[0.01403347 1.2603     0.01112888]]
89.984276,"{'cas': 31, 'cwl': 13, 'rcd': 2, 'rp': 2, 'ras': 17, 'rrd': 7, 'faw': 52, 'rfc': 408}",[[0.01406308 1.26476    0.01111305]]
89.984276,"{'cas': 31, 'cwl': 13, 'rcd': 2, 'rp': 2, 'ras': 17, 'rrd': 7, 'faw': 52, 'rfc': 408}",[[0.01406308 1.26476    0.01111305]]
90.00452,"{'cas': 22, 'cwl': 13, 'rcd': 2, 'rp': 2, 'ras': 49, 'rrd': 7, 'faw': 37, 'rfc': 399}",[[0.01390886 1.25117    0.01111055]]
90.00452,"{'cas': 22, 'cwl': 13, 'rcd': 2, 'rp': 2, 'ras': 49, 'rrd': 7, 'faw': 37, 'rfc': 399}",[[0.01390886 1.25117    0.01111055]]
90.00452,"{'cas': 11, 'cwl': 13, 'rcd': 2, 'rp': 2, 'ras': 22, 'rrd': 7, 'faw': 33, 'rfc': 440}",[[0.01403814 1.2628     0.01111055]]
90.00452,"{'cas': 11, 'cwl': 13, 'rcd': 2, 'rp': 2, 'ras': 22, 'rrd': 7, 'faw': 33, 'rfc': 440}",[[0.01403814 1.2628     0.01111055]]
89.984276,"{'cas': 5, 'cwl': 13, 'rcd': 2, 'rp': 2, 'ras': 11, 'rrd': 7, 'faw': 41, 'rfc': 382}",[[0.0140918  1.26734    0.01111305]]
89.984276,"{'cas': 5, 'cwl': 13, 'rcd': 2, 'rp': 2, 'ras': 11, 'rrd': 7, 'faw': 41, 'rfc': 382}",[[0.0140918  1.26734    0.01111305]]
89.984276,"{'cas': 26, 'cwl': 13, 'rcd': 2, 'rp': 2, 'ras': 30, 'rrd': 7, 'faw': 55, 'rfc': 313}",[[0.01400083 1.25916    0.01111305]]
89.984276,"{'cas': 26, 'cwl': 13, 'rcd': 2, 'rp': 2, 'ras': 30, 'rrd': 7, 'faw': 55, 'rfc': 313}",[[0.01400083 1.25916    0.01111305]]
87.09229,"{'cas': 29, 'cwl': 2, 'rcd': 19, 'rp': 2, 'ras': 37, 'rrd': 8, 'faw': 48, 'rfc': 210}",[[0.01414721 1.23144    0.01148207]]
87.09229,"{'cas': 29, 'cwl': 2, 'rcd': 19, 'rp': 2, 'ras': 37, 'rrd': 8, 'faw': 48, 'rfc': 210}",[[0.01414721 1.23144    0.01148207]]
75.30771,"{'cas': 9, 'cwl': 8, 'rcd': 27, 'rp': 27, 'ras': 9, 'rrd': 8, 'faw': 6, 'rfc': 249}",[[0.01506571 1.13397    0.01327885]]
75.30771,"{'cas': 9, 'cwl': 8, 'rcd': 27, 'rp': 27, 'ras': 9, 'rrd': 8, 'faw': 6, 'rfc': 249}",[[0.01506571 1.13397    0.01327885]]
90.00452,"{'cas': 22, 'cwl': 13, 'rcd': 2, 'rp': 2, 'ras': 20, 'rrd': 7, 'faw': 22, 'rfc': 616}",[[0.01404768 1.26366    0.01111055]]
90.00452,"{'cas': 22, 'cwl': 13, 'rcd': 2, 'rp': 2, 'ras': 20, 'rrd': 7, 'faw': 22, 'rfc': 616}",[[0.01404768 1.26366    0.01111055]]
81.42713,"{'cas': 3, 'cwl': 6, 'rcd': 31, 'rp': 2, 'ras': 63, 'rrd': 2, 'faw': 44, 'rfc': 210}",[[0.01434696 1.16761    0.01228092]]
81.42713,"{'cas': 3, 'cwl': 6, 'rcd': 31, 'rp': 2, 'ras': 63, 'rrd': 2, 'faw': 44, 'rfc': 210}",[[0.01434696 1.16761    0.01228092]]
90.00452,"{'cas': 25, 'cwl': 13, 'rcd': 2, 'rp': 2, 'ras': 21, 'rrd': 7, 'faw': 37, 'rfc': 572}",[[0.01404289 1.26323    0.01111055]]
90.00452,"{'cas': 25, 'cwl': 13, 'rcd': 2, 'rp': 2, 'ras': 21, 'rrd': 7, 'faw': 37, 'rfc': 572}",[[0.01404289 1.26323    0.01111055]]
89.984276,"{'cas': 28, 'cwl': 13, 'rcd': 2, 'rp': 2, 'ras': 14, 'rrd': 7, 'faw': 54, 'rfc': 375}",[[0.01407742 1.26605    0.01111305]]
89.984276,"{'cas': 28, 'cwl': 13, 'rcd': 2, 'rp': 2, 'ras': 14, 'rrd': 7, 'faw': 54, 'rfc': 375}",[[0.01407742 1.26605    0.01111305]]
90.00452,"{'cas': 20, 'cwl': 13, 'rcd': 2, 'rp': 2, 'ras': 38, 'rrd': 7, 'faw': 18, 'rfc': 403}",[[0.01396156 1.25591    0.01111055]]
90.00452,"{'cas': 20, 'cwl': 13, 'rcd': 2, 'rp': 2, 'ras': 38, 'rrd': 7, 'faw': 18, 'rfc': 403}",[[0.01396156 1.25591    0.01111055]]
90.00452,"{'cas': 24, 'cwl': 13, 'rcd': 2, 'rp': 2, 'ras': 19, 'rrd': 7, 'faw': 53, 'rfc': 580}",[[0.01405243 1.26409    0.01111055]]
90.00452,"{'cas': 24, 'cwl': 13, 'rcd': 2, 'rp': 2, 'ras': 19, 'rrd': 7, 'faw': 53, 'rfc': 580}",[[0.01405243 1.26409    0.01111055]]
89.984276,"{'cas': 14, 'cwl': 13, 'rcd': 2, 'rp': 2, 'ras': 18, 'rrd': 7, 'faw': 15, 'rfc': 572}",[[0.01405828 1.26433    0.01111305]]
89.984276,"{'cas': 14, 'cwl': 13, 'rcd': 2, 'rp': 2, 'ras': 18, 'rrd': 7, 'faw': 15, 'rfc': 572}",[[0.01405828 1.26433    0.01111305]]
90.00452,"{'cas': 8, 'cwl': 13, 'rcd': 2, 'rp': 2, 'ras': 23, 'rrd': 7, 'faw': 10, 'rfc': 458}",[[0.01403334 1.26237    0.01111055]]
90.00452,"{'cas': 8, 'cwl': 13, 'rcd': 2, 'rp': 2, 'ras': 23, 'rrd': 7, 'faw': 10, 'rfc': 458}",[[0.01403334 1.26237    0.01111055]]
90.00452,"{'cas': 7, 'cwl': 13, 'rcd': 2, 'rp': 2, 'ras': 23, 'rrd': 7, 'faw': 54, 'rfc': 335}",[[0.01403334 1.26237    0.01111055]]
90.00452,"{'cas': 7, 'cwl': 13, 'rcd': 2, 'rp': 2, 'ras': 23, 'rrd': 7, 'faw': 54, 'rfc': 335}",[[0.01403334 1.26237    0.01111055]]
90.00452,"{'cas': 28, 'cwl': 13, 'rcd': 2, 'rp': 2, 'ras': 22, 'rrd': 7, 'faw': 63, 'rfc': 454}",[[0.01403814 1.2628     0.01111055]]
90.00452,"{'cas': 28, 'cwl': 13, 'rcd': 2, 'rp': 2, 'ras': 22, 'rrd': 7, 'faw': 63, 'rfc': 454}",[[0.01403814 1.2628     0.01111055]]
89.984276,"{'cas': 14, 'cwl': 13, 'rcd': 2, 'rp': 2, 'ras': 26, 'rrd': 7, 'faw': 34, 'rfc': 282}",[[0.01402001 1.26089    0.01111305]]
89.984276,"{'cas': 14, 'cwl': 13, 'rcd': 2, 'rp': 2, 'ras': 26, 'rrd': 7, 'faw': 34, 'rfc': 282}",[[0.01402001 1.26089    0.01111305]]
89.984276,"{'cas': 11, 'cwl': 13, 'rcd': 2, 'rp': 2, 'ras': 14, 'rrd': 7, 'faw': 28, 'rfc': 485}",[[0.01407742 1.26605    0.01111305]]
89.984276,"{'cas': 11, 'cwl': 13, 'rcd': 2, 'rp': 2, 'ras': 14, 'rrd': 7, 'faw': 28, 'rfc': 485}",[[0.01407742 1.26605    0.01111305]]
90.00452,"{'cas': 20, 'cwl': 13, 'rcd': 2, 'rp': 2, 'ras': 22, 'rrd': 7, 'faw': 46, 'rfc': 531}",[[0.01403814 1.2628     0.01111055]]
90.00452,"{'cas': 20, 'cwl': 13, 'rcd': 2, 'rp': 2, 'ras': 22, 'rrd': 7, 'faw': 46, 'rfc': 531}",[[0.01403814 1.2628     0.01111055]]
90.00452,"{'cas': 21, 'cwl': 13, 'rcd': 2, 'rp': 2, 'ras': 21, 'rrd': 7, 'faw': 48, 'rfc': 257}",[[0.01404289 1.26323    0.01111055]]
90.00452,"{'cas': 21, 'cwl': 13, 'rcd': 2, 'rp': 2, 'ras': 21, 'rrd': 7, 'faw': 48, 'rfc': 257}",[[0.01404289 1.26323    0.01111055]]
89.984276,"{'cas': 29, 'cwl': 13, 'rcd': 2, 'rp': 2, 'ras': 48, 'rrd': 7, 'faw': 28, 'rfc': 343}",[[0.01391471 1.25142    0.01111305]]
89.984276,"{'cas': 29, 'cwl': 13, 'rcd': 2, 'rp': 2, 'ras': 48, 'rrd': 7, 'faw': 28, 'rfc': 343}",[[0.01391471 1.25142    0.01111305]]
89.984276,"{'cas': 23, 'cwl': 13, 'rcd': 2, 'rp': 2, 'ras': 35, 'rrd': 7, 'faw': 16, 'rfc': 499}",[[0.01397691 1.25701    0.01111305]]
89.984276,"{'cas': 23, 'cwl': 13, 'rcd': 2, 'rp': 2, 'ras': 35, 'rrd': 7, 'faw': 16, 'rfc': 499}",[[0.01397691 1.25701    0.01111305]]
90.00452,"{'cas': 13, 'cwl': 13, 'rcd': 2, 'rp': 2, 'ras': 23, 'rrd': 7, 'faw': 51, 'rfc': 411}",[[0.01403334 1.26237    0.01111055]]
90.00452,"{'cas': 13, 'cwl': 13, 'rcd': 2, 'rp': 2, 'ras': 23, 'rrd': 7, 'faw': 51, 'rfc': 411}",[[0.01403334 1.26237    0.01111055]]
90.00452,"{'cas': 4, 'cwl': 13, 'rcd': 2, 'rp': 2, 'ras': 25, 'rrd': 7, 'faw': 17, 'rfc': 618}",[[0.01402375 1.26151    0.01111055]]
90.00452,"{'cas': 4, 'cwl': 13, 'rcd': 2, 'rp': 2, 'ras': 25, 'rrd': 7, 'faw': 17, 'rfc': 618}",[[0.01402375 1.26151    0.01111055]]
89.8563,"{'cas': 12, 'cwl': 14, 'rcd': 2, 'rp': 2, 'ras': 23, 'rrd': 7, 'faw': 49, 'rfc': 259}",[[0.01402872 1.25988    0.01112888]]
89.8563,"{'cas': 12, 'cwl': 14, 'rcd': 2, 'rp': 2, 'ras': 23, 'rrd': 7, 'faw': 49, 'rfc': 259}",[[0.01402872 1.25988    0.01112888]]
90.00452,"{'cas': 27, 'cwl': 13, 'rcd': 2, 'rp': 2, 'ras': 49, 'rrd': 7, 'faw': 37, 'rfc': 335}",[[0.01390886 1.25117    0.01111055]]
90.00452,"{'cas': 27, 'cwl': 13, 'rcd': 2, 'rp': 2, 'ras': 49, 'rrd': 7, 'faw': 37, 'rfc': 335}",[[0.01390886 1.25117    0.01111055]]
90.00452,"{'cas': 30, 'cwl': 13, 'rcd': 2, 'rp': 2, 'ras': 22, 'rrd': 7, 'faw': 58, 'rfc': 274}",[[0.01403814 1.2628     0.01111055]]
90.00452,"{'cas': 30, 'cwl': 13, 'rcd': 2, 'rp': 2, 'ras': 22, 'rrd': 7, 'faw': 58, 'rfc': 274}",[[0.01403814 1.2628     0.01111055]]
87.78007,"{'cas': 25, 'cwl': 7, 'rcd': 12, 'rp': 2, 'ras': 9, 'rrd': 7, 'faw': 11, 'rfc': 210}",[[0.01428563 1.25331    0.01139211]]
87.78007,"{'cas': 25, 'cwl': 7, 'rcd': 12, 'rp': 2, 'ras': 9, 'rrd': 7, 'faw': 11, 'rfc': 210}",[[0.01428563 1.25331    0.01139211]]
89.984276,"{'cas': 12, 'cwl': 13, 'rcd': 2, 'rp': 2, 'ras': 36, 'rrd': 7, 'faw': 54, 'rfc': 225}",[[0.01397216 1.25658    0.01111305]]
89.984276,"{'cas': 12, 'cwl': 13, 'rcd': 2, 'rp': 2, 'ras': 36, 'rrd': 7, 'faw': 54, 'rfc': 225}",[[0.01397216 1.25658    0.01111305]]
90.00452,"{'cas': 17, 'cwl': 13, 'rcd': 2, 'rp': 2, 'ras': 34, 'rrd': 7, 'faw': 39, 'rfc': 340}",[[0.0139806  1.25763    0.01111055]]
90.00452,"{'cas': 17, 'cwl': 13, 'rcd': 2, 'rp': 2, 'ras': 34, 'rrd': 7, 'faw': 39, 'rfc': 340}",[[0.0139806  1.25763    0.01111055]]
89.984276,"{'cas': 14, 'cwl': 13, 'rcd': 2, 'rp': 2, 'ras': 13, 'rrd': 7, 'faw': 51, 'rfc': 403}",[[0.01408221 1.26648    0.01111305]]
89.984276,"{'cas': 14, 'cwl': 13, 'rcd': 2, 'rp': 2, 'ras': 13, 'rrd': 7, 'faw': 51, 'rfc': 403}",[[0.01408221 1.26648    0.01111305]]
90.00452,"{'cas': 21, 'cwl': 13, 'rcd': 2, 'rp': 2, 'ras': 44, 'rrd': 7, 'faw': 31, 'rfc': 263}",[[0.01393283 1.25333    0.01111055]]
90.00452,"{'cas': 21, 'cwl': 13, 'rcd': 2, 'rp': 2, 'ras': 44, 'rrd': 7, 'faw': 31, 'rfc': 263}",[[0.01393283 1.25333    0.01111055]]
89.984276,"{'cas': 26, 'cwl': 13, 'rcd': 2, 'rp': 2, 'ras': 9, 'rrd': 7, 'faw': 31, 'rfc': 344}",[[0.01410139 1.26821    0.01111305]]
89.984276,"{'cas': 26, 'cwl': 13, 'rcd': 2, 'rp': 2, 'ras': 9, 'rrd': 7, 'faw': 31, 'rfc': 344}",[[0.01410139 1.26821    0.01111305]]
85.66904,"{'cas': 12, 'cwl': 8, 'rcd': 15, 'rp': 2, 'ras': 57, 'rrd': 7, 'faw': 35, 'rfc': 503}",[[0.01416305 1.21268    0.01167283]]
85.66904,"{'cas': 12, 'cwl': 8, 'rcd': 15, 'rp': 2, 'ras': 57, 'rrd': 7, 'faw': 35, 'rfc': 503}",[[0.01416305 1.21268    0.01167283]]
90.00452,"{'cas': 30, 'cwl': 13, 'rcd': 2, 'rp': 2, 'ras': 22, 'rrd': 7, 'faw': 58, 'rfc': 260}",[[0.01403814 1.2628     0.01111055]]
90.00452,"{'cas': 30, 'cwl': 13, 'rcd': 2, 'rp': 2, 'ras': 22, 'rrd': 7, 'faw': 58, 'rfc': 260}",[[0.01403814 1.2628     0.01111055]]
81.091606,"{'cas': 19, 'cwl': 13, 'rcd': 31, 'rp': 2, 'ras': 63, 'rrd': 2, 'faw': 63, 'rfc': 237}",[[0.01436843 1.16454    0.01233173]]
81.091606,"{'cas': 19, 'cwl': 13, 'rcd': 31, 'rp': 2, 'ras': 63, 'rrd': 2, 'faw': 63, 'rfc': 237}",[[0.01436843 1.16454    0.01233173]]
89.984276,"{'cas': 12, 'cwl': 13, 'rcd': 2, 'rp': 2, 'ras': 30, 'rrd': 7, 'faw': 18, 'rfc': 272}",[[0.01400083 1.25916    0.01111305]]
89.984276,"{'cas': 12, 'cwl': 13, 'rcd': 2, 'rp': 2, 'ras': 30, 'rrd': 7, 'faw': 18, 'rfc': 272}",[[0.01400083 1.25916    0.01111305]]
79.20302,"{'cas': 2, 'cwl': 31, 'rcd': 2, 'rp': 2, 'ras': 63, 'rrd': 2, 'faw': 63, 'rfc': 370}",[[0.0143963  1.13962    0.01262578]]
79.20302,"{'cas': 2, 'cwl': 31, 'rcd': 2, 'rp': 2, 'ras': 63, 'rrd': 2, 'faw': 63, 'rfc': 370}",[[0.0143963  1.13962    0.01262578]]
90.00452,"{'cas': 27, 'cwl': 13, 'rcd': 2, 'rp': 2, 'ras': 28, 'rrd': 7, 'faw': 32, 'rfc': 226}",[[0.01400937 1.26021    0.01111055]]
90.00452,"{'cas': 27, 'cwl': 13, 'rcd': 2, 'rp': 2, 'ras': 28, 'rrd': 7, 'faw': 32, 'rfc': 226}",[[0.01400937 1.26021    0.01111055]]
90.00452,"{'cas': 29, 'cwl': 13, 'rcd': 2, 'rp': 2, 'ras': 25, 'rrd': 7, 'faw': 35, 'rfc': 441}",[[0.01402375 1.26151    0.01111055]]
90.00452,"{'cas': 29, 'cwl': 13, 'rcd': 2, 'rp': 2, 'ras': 25, 'rrd': 7, 'faw': 35, 'rfc': 441}",[[0.01402375 1.26151    0.01111055]]
90.00452,"{'cas': 19, 'cwl': 13, 'rcd': 2, 'rp': 2, 'ras': 22, 'rrd': 7, 'faw': 33, 'rfc': 441}",[[0.01403814 1.2628     0.01111055]]
90.00452,"{'cas': 19, 'cwl': 13, 'rcd': 2, 'rp': 2, 'ras': 22, 'rrd': 7, 'faw': 33, 'rfc': 441}",[[0.01403814 1.2628     0.01111055]]
89.984276,"{'cas': 25, 'cwl': 13, 'rcd': 2, 'rp': 2, 'ras': 17, 'rrd': 7, 'faw': 3, 'rfc': 625}",[[0.01406308 1.26476    0.01111305]]
89.984276,"{'cas': 25, 'cwl': 13, 'rcd': 2, 'rp': 2, 'ras': 17, 'rrd': 7, 'faw': 3, 'rfc': 625}",[[0.01406308 1.26476    0.01111305]]
89.984276,"{'cas': 8, 'cwl': 13, 'rcd': 2, 'rp': 2, 'ras': 24, 'rrd': 7, 'faw': 44, 'rfc': 265}",[[0.0140296  1.26175    0.01111305]]
89.984276,"{'cas': 8, 'cwl': 13, 'rcd': 2, 'rp': 2, 'ras': 24, 'rrd': 7, 'faw': 44, 'rfc': 265}",[[0.0140296  1.26175    0.01111305]]
90.00452,"{'cas': 5, 'cwl': 13, 'rcd': 2, 'rp': 2, 'ras': 49, 'rrd': 7, 'faw': 9, 'rfc': 272}",[[0.01390886 1.25117    0.01111055]]
90.00452,"{'cas': 5, 'cwl': 13, 'rcd': 2, 'rp': 2, 'ras': 49, 'rrd': 7, 'faw': 9, 'rfc': 272}",[[0.01390886 1.25117    0.01111055]]
90.00452,"{'cas': 2, 'cwl': 13, 'rcd': 2, 'rp': 2, 'ras': 23, 'rrd': 7, 'faw': 2, 'rfc': 428}",[[0.01403334 1.26237    0.01111055]]
90.00452,"{'cas': 2, 'cwl': 13, 'rcd': 2, 'rp': 2, 'ras': 23, 'rrd': 7, 'faw': 2, 'rfc': 428}",[[0.01403334 1.26237    0.01111055]]
90.00452,"{'cas': 26, 'cwl': 13, 'rcd': 2, 'rp': 2, 'ras': 38, 'rrd': 6, 'faw': 34, 'rfc': 467}",[[0.01396156 1.25591    0.01111055]]
90.00452,"{'cas': 26, 'cwl': 13, 'rcd': 2, 'rp': 2, 'ras': 38, 'rrd': 6, 'faw': 34, 'rfc': 467}",[[0.01396156 1.25591    0.01111055]]
90.00452,"{'cas': 7, 'cwl': 13, 'rcd': 2, 'rp': 2, 'ras': 23, 'rrd': 7, 'faw': 55, 'rfc': 568}",[[0.01403334 1.26237    0.01111055]]
90.00452,"{'cas': 7, 'cwl': 13, 'rcd': 2, 'rp': 2, 'ras': 23, 'rrd': 7, 'faw': 55, 'rfc': 568}",[[0.01403334 1.26237    0.01111055]]
90.00452,"{'cas': 17, 'cwl': 13, 'rcd': 2, 'rp': 2, 'ras': 20, 'rrd': 7, 'faw': 9, 'rfc': 550}",[[0.01404768 1.26366    0.01111055]]
90.00452,"{'cas': 17, 'cwl': 13, 'rcd': 2, 'rp': 2, 'ras': 20, 'rrd': 7, 'faw': 9, 'rfc': 550}",[[0.01404768 1.26366    0.01111055]]
90.00452,"{'cas': 9, 'cwl': 13, 'rcd': 2, 'rp': 2, 'ras': 23, 'rrd': 7, 'faw': 32, 'rfc': 610}",[[0.01403334 1.26237    0.01111055]]
90.00452,"{'cas': 9, 'cwl': 13, 'rcd': 2, 'rp': 2, 'ras': 23, 'rrd': 7, 'faw': 32, 'rfc': 610}",[[0.01403334 1.26237    0.01111055]]
90.00452,"{'cas': 15, 'cwl': 13, 'rcd': 2, 'rp': 2, 'ras': 22, 'rrd': 7, 'faw': 51, 'rfc': 327}",[[0.01403814 1.2628     0.01111055]]
90.00452,"{'cas': 15, 'cwl': 13, 'rcd': 2, 'rp': 2, 'ras': 22, 'rrd': 7, 'faw': 51, 'rfc': 327}",[[0.01403814 1.2628     0.01111055]]
89.984276,"{'cas': 12, 'cwl': 13, 'rcd': 2, 'rp': 2, 'ras': 17, 'rrd': 7, 'faw': 43, 'rfc': 249}",[[0.01406308 1.26476    0.01111305]]
89.984276,"{'cas': 12, 'cwl': 13, 'rcd': 2, 'rp': 2, 'ras': 17, 'rrd': 7, 'faw': 43, 'rfc': 249}",[[0.01406308 1.26476    0.01111305]]
89.8563,"{'cas': 17, 'cwl': 14, 'rcd': 2, 'rp': 2, 'ras': 50, 'rrd': 7, 'faw': 40, 'rfc': 386}",[[0.01390049 1.24836    0.01112888]]
89.8563,"{'cas': 17, 'cwl': 14, 'rcd': 2, 'rp': 2, 'ras': 50, 'rrd': 7, 'faw': 40, 'rfc': 386}",[[0.01390049 1.24836    0.01112888]]
89.984276,"{'cas': 15, 'cwl': 13, 'rcd': 2, 'rp': 2, 'ras': 12, 'rrd': 7, 'faw': 3, 'rfc': 330}",[[0.01408701 1.26691    0.01111305]]
89.984276,"{'cas': 15, 'cwl': 13, 'rcd': 2, 'rp': 2, 'ras': 12, 'rrd': 7, 'faw': 3, 'rfc': 330}",[[0.01408701 1.26691    0.01111305]]
90.00452,"{'cas': 31, 'cwl': 13, 'rcd': 2, 'rp': 2, 'ras': 23, 'rrd': 7, 'faw': 29, 'rfc': 599}",[[0.01403334 1.26237    0.01111055]]
90.00452,"{'cas': 31, 'cwl': 13, 'rcd': 2, 'rp': 2, 'ras': 23, 'rrd': 7, 'faw': 29, 'rfc': 599}",[[0.01403334 1.26237    0.01111055]]
90.00452,"{'cas': 28, 'cwl': 13, 'rcd': 2, 'rp': 2, 'ras': 23, 'rrd': 7, 'faw': 9, 'rfc': 516}",[[0.01403334 1.26237    0.01111055]]
90.00452,"{'cas': 28, 'cwl': 13, 'rcd': 2, 'rp': 2, 'ras': 23, 'rrd': 7, 'faw': 9, 'rfc': 516}",[[0.01403334 1.26237    0.01111055]]
90.00452,"{'cas': 18, 'cwl': 13, 'rcd': 2, 'rp': 2, 'ras': 23, 'rrd': 7, 'faw': 43, 'rfc': 335}",[[0.01403334 1.26237    0.01111055]]
90.00452,"{'cas': 18, 'cwl': 13, 'rcd': 2, 'rp': 2, 'ras': 23, 'rrd': 7, 'faw': 43, 'rfc': 335}",[[0.01403334 1.26237    0.01111055]]
89.984276,"{'cas': 23, 'cwl': 13, 'rcd': 2, 'rp': 2, 'ras': 48, 'rrd': 7, 'faw': 40, 'rfc': 242}",[[0.01391471 1.25142    0.01111305]]
89.984276,"{'cas': 23, 'cwl': 13, 'rcd': 2, 'rp': 2, 'ras': 48, 'rrd': 7, 'faw': 40, 'rfc': 242}",[[0.01391471 1.25142    0.01111305]]
89.984276,"{'cas': 4, 'cwl': 13, 'rcd': 2, 'rp': 2, 'ras': 35, 'rrd': 7, 'faw': 49, 'rfc': 249}",[[0.01397691 1.25701    0.01111305]]
89.984276,"{'cas': 4, 'cwl': 13, 'rcd': 2, 'rp': 2, 'ras': 35, 'rrd': 7, 'faw': 49, 'rfc': 249}",[[0.01397691 1.25701    0.01111305]]
90.00452,"{'cas': 16, 'cwl': 13, 'rcd': 2, 'rp': 2, 'ras': 22, 'rrd': 7, 'faw': 50, 'rfc': 346}",[[0.01403814 1.2628     0.01111055]]
90.00452,"{'cas': 16, 'cwl': 13, 'rcd': 2, 'rp': 2, 'ras': 22, 'rrd': 7, 'faw': 50, 'rfc': 346}",[[0.01403814 1.2628     0.01111055]]
90.00452,"{'cas': 5, 'cwl': 13, 'rcd': 2, 'rp': 2, 'ras': 50, 'rrd': 7, 'faw': 21, 'rfc': 462}",[[0.01390406 1.25074    0.01111055]]
