1.1481254,"{'cas': 27, 'cwl': 10, 'rcd': 26, 'rp': 11, 'ras': 35, 'rrd': 1, 'faw': 49, 'rfc': 515}",[[0.01834667 1.4213     0.0129015 ]]
1.1481254,"{'cas': 27, 'cwl': 10, 'rcd': 26, 'rp': 11, 'ras': 35, 'rrd': 1, 'faw': 49, 'rfc': 515}",[[0.01834667 1.4213     0.0129015 ]]
1.1576358,"{'cas': 26, 'cwl': 26, 'rcd': 15, 'rp': 26, 'ras': 31, 'rrd': 8, 'faw': 6, 'rfc': 486}",[[0.01871021 1.37331    0.01361705]]
1.1576358,"{'cas': 26, 'cwl': 26, 'rcd': 15, 'rp': 26, 'ras': 31, 'rrd': 8, 'faw': 6, 'rfc': 486}",[[0.01871021 1.37331    0.01361705]]
1.15207,"{'cas': 4, 'cwl': 6, 'rcd': 13, 'rp': 29, 'ras': 27, 'rrd': 8, 'faw': 14, 'rfc': 313}",[[0.01859954 1.40834    0.01319972]]
1.15207,"{'cas': 4, 'cwl': 6, 'rcd': 13, 'rp': 29, 'ras': 27, 'rrd': 8, 'faw': 14, 'rfc': 313}",[[0.01859954 1.40834    0.01319972]]
1.1392888,"{'cas': 13, 'cwl': 2, 'rcd': 24, 'rp': 10, 'ras': 43, 'rrd': 2, 'faw': 28, 'rfc': 545}",[[0.01791506 1.46455    0.01222594]]
1.1392888,"{'cas': 13, 'cwl': 2, 'rcd': 24, 'rp': 10, 'ras': 43, 'rrd': 2, 'faw': 28, 'rfc': 545}",[[0.01791506 1.46455    0.01222594]]
1.1294277,"{'cas': 2, 'cwl': 13, 'rcd': 10, 'rp': 1, 'ras': 45, 'rrd': 6, 'faw': 22, 'rfc': 399}",[[0.01755695 1.53124    0.01145958]]
1.1294277,"{'cas': 2, 'cwl': 13, 'rcd': 10, 'rp': 1, 'ras': 45, 'rrd': 6, 'faw': 22, 'rfc': 399}",[[0.01755695 1.53124    0.01145958]]
1.1609609,"{'cas': 20, 'cwl': 3, 'rcd': 19, 'rp': 16, 'ras': 61, 'rrd': 12, 'faw': 27, 'rfc': 337}",[[0.01827603 1.31751    0.01386445]]
1.1609609,"{'cas': 20, 'cwl': 3, 'rcd': 19, 'rp': 16, 'ras': 61, 'rrd': 12, 'faw': 27, 'rfc': 337}",[[0.01827603 1.31751    0.01386445]]
1.1651977,"{'cas': 4, 'cwl': 22, 'rcd': 27, 'rp': 20, 'ras': 44, 'rrd': 7, 'faw': 17, 'rfc': 286}",[[0.01871599 1.31942    0.01417766]]
1.1651977,"{'cas': 4, 'cwl': 22, 'rcd': 27, 'rp': 20, 'ras': 44, 'rrd': 7, 'faw': 17, 'rfc': 286}",[[0.01871599 1.31942    0.01417766]]
1.1461195,"{'cas': 25, 'cwl': 27, 'rcd': 11, 'rp': 20, 'ras': 11, 'rrd': 3, 'faw': 45, 'rfc': 390}",[[0.01871729 1.46735    0.01274906]]
1.1461195,"{'cas': 25, 'cwl': 27, 'rcd': 11, 'rp': 20, 'ras': 11, 'rrd': 3, 'faw': 45, 'rfc': 390}",[[0.01871729 1.46735    0.01274906]]
1.140772,"{'cas': 10, 'cwl': 22, 'rcd': 16, 'rp': 10, 'ras': 27, 'rrd': 5, 'faw': 17, 'rfc': 461}",[[0.01825656 1.47866    0.01234006]]
1.140772,"{'cas': 10, 'cwl': 22, 'rcd': 16, 'rp': 10, 'ras': 27, 'rrd': 5, 'faw': 17, 'rfc': 461}",[[0.01825656 1.47866    0.01234006]]
1.1744196,"{'cas': 16, 'cwl': 19, 'rcd': 4, 'rp': 31, 'ras': 53, 'rrd': 6, 'faw': 28, 'rfc': 609}",[[0.01883547 1.2676     0.01485156]]
1.1744196,"{'cas': 16, 'cwl': 19, 'rcd': 4, 'rp': 31, 'ras': 53, 'rrd': 6, 'faw': 28, 'rfc': 609}",[[0.01883547 1.2676     0.01485156]]
1.1974146,"{'cas': 31, 'cwl': 25, 'rcd': 31, 'rp': 27, 'ras': 63, 'rrd': 15, 'faw': 63, 'rfc': 210}",[[0.01934425 1.17273    0.01648674]]
1.1974146,"{'cas': 31, 'cwl': 25, 'rcd': 31, 'rp': 27, 'ras': 63, 'rrd': 15, 'faw': 63, 'rfc': 210}",[[0.01934425 1.17273    0.01648674]]
1.2035853,"{'cas': 29, 'cwl': 26, 'rcd': 29, 'rp': 31, 'ras': 63, 'rrd': 2, 'faw': 62, 'rfc': 360}",[[0.01952407 1.15368    0.0169149 ]]
1.2035853,"{'cas': 29, 'cwl': 26, 'rcd': 29, 'rp': 31, 'ras': 63, 'rrd': 2, 'faw': 62, 'rfc': 360}",[[0.01952407 1.15368    0.0169149 ]]
1.2070827,"{'cas': 0, 'cwl': 31, 'rcd': 31, 'rp': 31, 'ras': 63, 'rrd': 15, 'faw': 63, 'rfc': 630}",[[0.0196258  1.14342    0.01715563]]
1.2070827,"{'cas': 0, 'cwl': 31, 'rcd': 31, 'rp': 31, 'ras': 63, 'rrd': 15, 'faw': 63, 'rfc': 630}",[[0.0196258  1.14342    0.01715563]]
1.1980121,"{'cas': 25, 'cwl': 14, 'rcd': 31, 'rp': 30, 'ras': 62, 'rrd': 13, 'faw': 2, 'rfc': 306}",[[0.01937935 1.1719     0.01652839]]
1.1980121,"{'cas': 25, 'cwl': 14, 'rcd': 31, 'rp': 30, 'ras': 62, 'rrd': 13, 'faw': 2, 'rfc': 306}",[[0.01937935 1.1719     0.01652839]]
1.1857295,"{'cas': 17, 'cwl': 28, 'rcd': 30, 'rp': 28, 'ras': 0, 'rrd': 2, 'faw': 51, 'rfc': 408}",[[0.02014068 1.28517    0.01566373]]
1.1857295,"{'cas': 17, 'cwl': 28, 'rcd': 30, 'rp': 28, 'ras': 0, 'rrd': 2, 'faw': 51, 'rfc': 408}",[[0.02014068 1.28517    0.01566373]]
1.2070827,"{'cas': 0, 'cwl': 31, 'rcd': 31, 'rp': 31, 'ras': 63, 'rrd': 0, 'faw': 0, 'rfc': 210}",[[0.0196258  1.14342    0.01715563]]
1.2070827,"{'cas': 0, 'cwl': 31, 'rcd': 31, 'rp': 31, 'ras': 63, 'rrd': 0, 'faw': 0, 'rfc': 210}",[[0.0196258  1.14342    0.01715563]]
1.1388457,"{'cas': 10, 'cwl': 8, 'rcd': 30, 'rp': 0, 'ras': 1, 'rrd': 11, 'faw': 44, 'rfc': 574}",[[0.01867288 1.53077    0.01219179]]
1.1388457,"{'cas': 10, 'cwl': 8, 'rcd': 30, 'rp': 0, 'ras': 1, 'rrd': 11, 'faw': 44, 'rfc': 574}",[[0.01867288 1.53077    0.01219179]]
1.2070827,"{'cas': 31, 'cwl': 31, 'rcd': 31, 'rp': 31, 'ras': 63, 'rrd': 15, 'faw': 0, 'rfc': 630}",[[0.0196258  1.14342    0.01715563]]
1.2070827,"{'cas': 31, 'cwl': 31, 'rcd': 31, 'rp': 31, 'ras': 63, 'rrd': 15, 'faw': 0, 'rfc': 630}",[[0.0196258  1.14342    0.01715563]]
1.1866906,"{'cas': 0, 'cwl': 12, 'rcd': 31, 'rp': 31, 'ras': 16, 'rrd': 1, 'faw': 19, 'rfc': 563}",[[0.01987047 1.26242    0.01573204]]
1.1866906,"{'cas': 0, 'cwl': 12, 'rcd': 31, 'rp': 31, 'ras': 16, 'rrd': 1, 'faw': 19, 'rfc': 563}",[[0.01987047 1.26242    0.01573204]]
1.1567992,"{'cas': 10, 'cwl': 30, 'rcd': 31, 'rp': 2, 'ras': 63, 'rrd': 3, 'faw': 48, 'rfc': 261}",[[0.01811206 1.33553    0.01355458]]
1.1567992,"{'cas': 10, 'cwl': 30, 'rcd': 31, 'rp': 2, 'ras': 63, 'rrd': 3, 'faw': 48, 'rfc': 261}",[[0.01811206 1.33553    0.01355458]]
1.2070827,"{'cas': 31, 'cwl': 31, 'rcd': 31, 'rp': 31, 'ras': 63, 'rrd': 0, 'faw': 63, 'rfc': 630}",[[0.0196258  1.14342    0.01715563]]
1.2070827,"{'cas': 31, 'cwl': 31, 'rcd': 31, 'rp': 31, 'ras': 63, 'rrd': 0, 'faw': 63, 'rfc': 630}",[[0.0196258  1.14342    0.01715563]]
1.2070827,"{'cas': 31, 'cwl': 31, 'rcd': 31, 'rp': 31, 'ras': 63, 'rrd': 15, 'faw': 63, 'rfc': 210}",[[0.0196258  1.14342    0.01715563]]
1.2070827,"{'cas': 31, 'cwl': 31, 'rcd': 31, 'rp': 31, 'ras': 63, 'rrd': 15, 'faw': 63, 'rfc': 210}",[[0.0196258  1.14342    0.01715563]]
1.1824243,"{'cas': 12, 'cwl': 26, 'rcd': 1, 'rp': 29, 'ras': 62, 'rrd': 2, 'faw': 22, 'rfc': 448}",[[0.01891463 1.22537    0.01542799]]
1.1824243,"{'cas': 12, 'cwl': 26, 'rcd': 1, 'rp': 29, 'ras': 62, 'rrd': 2, 'faw': 22, 'rfc': 448}",[[0.01891463 1.22537    0.01542799]]
1.1411732,"{'cas': 18, 'cwl': 10, 'rcd': 2, 'rp': 31, 'ras': 1, 'rrd': 6, 'faw': 14, 'rfc': 617}",[[0.0187216  1.51255    0.01237088]]
1.1411732,"{'cas': 18, 'cwl': 10, 'rcd': 2, 'rp': 31, 'ras': 1, 'rrd': 6, 'faw': 14, 'rfc': 617}",[[0.0187216  1.51255    0.01237088]]
1.1917444,"{'cas': 10, 'cwl': 27, 'rcd': 31, 'rp': 31, 'ras': 38, 'rrd': 9, 'faw': 57, 'rfc': 233}",[[0.01961721 1.21865    0.01608939]]
1.1917444,"{'cas': 10, 'cwl': 27, 'rcd': 31, 'rp': 31, 'ras': 38, 'rrd': 9, 'faw': 57, 'rfc': 233}",[[0.01961721 1.21865    0.01608939]]
1.2070827,"{'cas': 31, 'cwl': 31, 'rcd': 31, 'rp': 31, 'ras': 63, 'rrd': 0, 'faw': 0, 'rfc': 630}",[[0.0196258  1.14342    0.01715563]]
1.2070827,"{'cas': 31, 'cwl': 31, 'rcd': 31, 'rp': 31, 'ras': 63, 'rrd': 0, 'faw': 0, 'rfc': 630}",[[0.0196258  1.14342    0.01715563]]
1.2070827,"{'cas': 31, 'cwl': 31, 'rcd': 31, 'rp': 31, 'ras': 63, 'rrd': 15, 'faw': 0, 'rfc': 210}",[[0.0196258  1.14342    0.01715563]]
1.2070827,"{'cas': 31, 'cwl': 31, 'rcd': 31, 'rp': 31, 'ras': 63, 'rrd': 15, 'faw': 0, 'rfc': 210}",[[0.0196258  1.14342    0.01715563]]
1.2070827,"{'cas': 0, 'cwl': 31, 'rcd': 31, 'rp': 31, 'ras': 63, 'rrd': 0, 'faw': 63, 'rfc': 210}",[[0.0196258  1.14342    0.01715563]]
1.2070827,"{'cas': 0, 'cwl': 31, 'rcd': 31, 'rp': 31, 'ras': 63, 'rrd': 0, 'faw': 63, 'rfc': 210}",[[0.0196258  1.14342    0.01715563]]
1.1305765,"{'cas': 29, 'cwl': 29, 'rcd': 1, 'rp': 2, 'ras': 0, 'rrd': 9, 'faw': 42, 'rfc': 530}",[[0.01841076 1.5932     0.01154955]]
1.1305765,"{'cas': 29, 'cwl': 29, 'rcd': 1, 'rp': 2, 'ras': 0, 'rrd': 9, 'faw': 42, 'rfc': 530}",[[0.01841076 1.5932     0.01154955]]
1.1377987,"{'cas': 18, 'cwl': 15, 'rcd': 0, 'rp': 3, 'ras': 63, 'rrd': 8, 'faw': 3, 'rfc': 627}",[[0.01750182 1.44434    0.01211099]]
1.1377987,"{'cas': 18, 'cwl': 15, 'rcd': 0, 'rp': 3, 'ras': 63, 'rrd': 8, 'faw': 3, 'rfc': 627}",[[0.01750182 1.44434    0.01211099]]
1.1821332,"{'cas': 10, 'cwl': 3, 'rcd': 30, 'rp': 31, 'ras': 2, 'rrd': 14, 'faw': 13, 'rfc': 318}",[[0.01999027 1.29681    0.01540717]]
1.1821332,"{'cas': 10, 'cwl': 3, 'rcd': 30, 'rp': 31, 'ras': 2, 'rrd': 14, 'faw': 13, 'rfc': 318}",[[0.01999027 1.29681    0.01540717]]
1.1835434,"{'cas': 23, 'cwl': 7, 'rcd': 10, 'rp': 30, 'ras': 63, 'rrd': 12, 'faw': 9, 'rfc': 247}",[[0.01892991 1.22004    0.01550796]]
1.1835434,"{'cas': 23, 'cwl': 7, 'rcd': 10, 'rp': 30, 'ras': 63, 'rrd': 12, 'faw': 9, 'rfc': 247}",[[0.01892991 1.22004    0.01550796]]
1.2070827,"{'cas': 0, 'cwl': 31, 'rcd': 31, 'rp': 31, 'ras': 63, 'rrd': 15, 'faw': 0, 'rfc': 630}",[[0.0196258  1.14342    0.01715563]]
1.2070827,"{'cas': 0, 'cwl': 31, 'rcd': 31, 'rp': 31, 'ras': 63, 'rrd': 15, 'faw': 0, 'rfc': 630}",[[0.0196258  1.14342    0.01715563]]
1.1638874,"{'cas': 15, 'cwl': 7, 'rcd': 31, 'rp': 19, 'ras': 7, 'rrd': 4, 'faw': 31, 'rfc': 421}",[[0.01935553 1.37387    0.01408103]]
1.1638874,"{'cas': 15, 'cwl': 7, 'rcd': 31, 'rp': 19, 'ras': 7, 'rrd': 4, 'faw': 31, 'rfc': 421}",[[0.01935553 1.37387    0.01408103]]
1.1477523,"{'cas': 29, 'cwl': 30, 'rcd': 31, 'rp': 1, 'ras': 21, 'rrd': 10, 'faw': 6, 'rfc': 463}",[[0.01859422 1.44365    0.01287318]]
1.1477523,"{'cas': 29, 'cwl': 30, 'rcd': 31, 'rp': 1, 'ras': 21, 'rrd': 10, 'faw': 6, 'rfc': 463}",[[0.01859422 1.44365    0.01287318]]
1.1888412,"{'cas': 1, 'cwl': 31, 'rcd': 27, 'rp': 31, 'ras': 49, 'rrd': 14, 'faw': 41, 'rfc': 357}",[[0.01933142 1.21639    0.01588448]]
1.1888412,"{'cas': 1, 'cwl': 31, 'rcd': 27, 'rp': 31, 'ras': 49, 'rrd': 14, 'faw': 41, 'rfc': 357}",[[0.01933142 1.21639    0.01588448]]
1.1501715,"{'cas': 12, 'cwl': 28, 'rcd': 2, 'rp': 31, 'ras': 28, 'rrd': 12, 'faw': 33, 'rfc': 367}",[[0.01852559 1.41814    0.01305644]]
1.1501715,"{'cas': 12, 'cwl': 28, 'rcd': 2, 'rp': 31, 'ras': 28, 'rrd': 12, 'faw': 33, 'rfc': 367}",[[0.01852559 1.41814    0.01305644]]
1.1824826,"{'cas': 16, 'cwl': 0, 'rcd': 31, 'rp': 31, 'ras': 44, 'rrd': 8, 'faw': 7, 'rfc': 404}",[[0.01923051 1.2455     0.01543216]]
1.1824826,"{'cas': 16, 'cwl': 0, 'rcd': 31, 'rp': 31, 'ras': 44, 'rrd': 8, 'faw': 7, 'rfc': 404}",[[0.01923051 1.2455     0.01543216]]
1.2070827,"{'cas': 11, 'cwl': 31, 'rcd': 31, 'rp': 31, 'ras': 63, 'rrd': 14, 'faw': 63, 'rfc': 630}",[[0.0196258  1.14342    0.01715563]]
1.2070827,"{'cas': 11, 'cwl': 31, 'rcd': 31, 'rp': 31, 'ras': 63, 'rrd': 14, 'faw': 63, 'rfc': 630}",[[0.0196258  1.14342    0.01715563]]
1.1925259,"{'cas': 17, 'cwl': 28, 'rcd': 15, 'rp': 30, 'ras': 62, 'rrd': 15, 'faw': 46, 'rfc': 292}",[[0.01921708 1.18973    0.01614437]]
1.1925259,"{'cas': 17, 'cwl': 28, 'rcd': 15, 'rp': 30, 'ras': 62, 'rrd': 15, 'faw': 46, 'rfc': 292}",[[0.01921708 1.18973    0.01614437]]
1.1681116,"{'cas': 31, 'cwl': 27, 'rcd': 17, 'rp': 31, 'ras': 0, 'rrd': 14, 'faw': 2, 'rfc': 420}",[[0.01959278 1.36069    0.01439174]]
1.1681116,"{'cas': 31, 'cwl': 27, 'rcd': 17, 'rp': 31, 'ras': 0, 'rrd': 14, 'faw': 2, 'rfc': 420}",[[0.01959278 1.36069    0.01439174]]
1.1214304,"{'cas': 20, 'cwl': 4, 'rcd': 0, 'rp': 0, 'ras': 20, 'rrd': 15, 'faw': 41, 'rfc': 376}",[[0.01773928 1.63735    0.01082817]]
1.1214304,"{'cas': 20, 'cwl': 4, 'rcd': 0, 'rp': 0, 'ras': 20, 'rrd': 15, 'faw': 41, 'rfc': 376}",[[0.01773928 1.63735    0.01082817]]
1.2070827,"{'cas': 0, 'cwl': 31, 'rcd': 31, 'rp': 31, 'ras': 63, 'rrd': 0, 'faw': 0, 'rfc': 630}",[[0.0196258  1.14342    0.01715563]]
1.2070827,"{'cas': 0, 'cwl': 31, 'rcd': 31, 'rp': 31, 'ras': 63, 'rrd': 0, 'faw': 0, 'rfc': 630}",[[0.0196258  1.14342    0.01715563]]
1.2070827,"{'cas': 0, 'cwl': 31, 'rcd': 31, 'rp': 31, 'ras': 63, 'rrd': 15, 'faw': 63, 'rfc': 210}",[[0.0196258  1.14342    0.01715563]]
1.2070827,"{'cas': 0, 'cwl': 31, 'rcd': 31, 'rp': 31, 'ras': 63, 'rrd': 15, 'faw': 63, 'rfc': 210}",[[0.0196258  1.14342    0.01715563]]
1.2070827,"{'cas': 31, 'cwl': 31, 'rcd': 31, 'rp': 31, 'ras': 63, 'rrd': 0, 'faw': 63, 'rfc': 210}",[[0.0196258  1.14342    0.01715563]]
1.2070827,"{'cas': 31, 'cwl': 31, 'rcd': 31, 'rp': 31, 'ras': 63, 'rrd': 0, 'faw': 63, 'rfc': 210}",[[0.0196258  1.14342    0.01715563]]
1.2070827,"{'cas': 14, 'cwl': 31, 'rcd': 31, 'rp': 31, 'ras': 63, 'rrd': 15, 'faw': 0, 'rfc': 368}",[[0.0196258  1.14342    0.01715563]]
1.2070827,"{'cas': 14, 'cwl': 31, 'rcd': 31, 'rp': 31, 'ras': 63, 'rrd': 15, 'faw': 0, 'rfc': 368}",[[0.0196258  1.14342    0.01715563]]
1.2070827,"{'cas': 31, 'cwl': 31, 'rcd': 31, 'rp': 31, 'ras': 63, 'rrd': 6, 'faw': 0, 'rfc': 210}",[[0.0196258  1.14342    0.01715563]]
1.2070827,"{'cas': 31, 'cwl': 31, 'rcd': 31, 'rp': 31, 'ras': 63, 'rrd': 6, 'faw': 0, 'rfc': 210}",[[0.0196258  1.14342    0.01715563]]
1.2070827,"{'cas': 0, 'cwl': 31, 'rcd': 31, 'rp': 31, 'ras': 63, 'rrd': 2, 'faw': 0, 'rfc': 210}",[[0.0196258  1.14342    0.01715563]]
1.2070827,"{'cas': 0, 'cwl': 31, 'rcd': 31, 'rp': 31, 'ras': 63, 'rrd': 2, 'faw': 0, 'rfc': 210}",[[0.0196258  1.14342    0.01715563]]
1.2070827,"{'cas': 0, 'cwl': 31, 'rcd': 31, 'rp': 31, 'ras': 63, 'rrd': 0, 'faw': 63, 'rfc': 630}",[[0.0196258  1.14342    0.01715563]]
1.2070827,"{'cas': 0, 'cwl': 31, 'rcd': 31, 'rp': 31, 'ras': 63, 'rrd': 0, 'faw': 63, 'rfc': 630}",[[0.0196258  1.14342    0.01715563]]
1.1910586,"{'cas': 9, 'cwl': 30, 'rcd': 30, 'rp': 31, 'ras': 9, 'rrd': 13, 'faw': 51, 'rfc': 558}",[[0.02012942 1.25423    0.01604108]]
1.1910586,"{'cas': 9, 'cwl': 30, 'rcd': 30, 'rp': 31, 'ras': 9, 'rrd': 13, 'faw': 51, 'rfc': 558}",[[0.02012942 1.25423    0.01604108]]
1.2070827,"{'cas': 29, 'cwl': 31, 'rcd': 31, 'rp': 31, 'ras': 63, 'rrd': 1, 'faw': 0, 'rfc': 630}",[[0.0196258  1.14342    0.01715563]]
1.2070827,"{'cas': 29, 'cwl': 31, 'rcd': 31, 'rp': 31, 'ras': 63, 'rrd': 1, 'faw': 0, 'rfc': 630}",[[0.0196258  1.14342    0.01715563]]
1.2070827,"{'cas': 0, 'cwl': 31, 'rcd': 31, 'rp': 31, 'ras': 63, 'rrd': 15, 'faw': 0, 'rfc': 210}",[[0.0196258  1.14342    0.01715563]]
1.2070827,"{'cas': 0, 'cwl': 31, 'rcd': 31, 'rp': 31, 'ras': 63, 'rrd': 15, 'faw': 0, 'rfc': 210}",[[0.0196258  1.14342    0.01715563]]
1.1439352,"{'cas': 11, 'cwl': 26, 'rcd': 0, 'rp': 17, 'ras': 45, 'rrd': 2, 'faw': 25, 'rfc': 575}",[[0.01802712 1.43196    0.01258247]]
1.1439352,"{'cas': 11, 'cwl': 26, 'rcd': 0, 'rp': 17, 'ras': 45, 'rrd': 2, 'faw': 25, 'rfc': 575}",[[0.01802712 1.43196    0.01258247]]
1.2070827,"{'cas': 31, 'cwl': 31, 'rcd': 31, 'rp': 31, 'ras': 63, 'rrd': 15, 'faw': 63, 'rfc': 630}",[[0.0196258  1.14342    0.01715563]]
1.2070827,"{'cas': 31, 'cwl': 31, 'rcd': 31, 'rp': 31, 'ras': 63, 'rrd': 15, 'faw': 63, 'rfc': 630}",[[0.0196258  1.14342    0.01715563]]
1.1790797,"{'cas': 8, 'cwl': 30, 'rcd': 30, 'rp': 24, 'ras': 21, 'rrd': 14, 'faw': 62, 'rfc': 268}",[[0.01956198 1.28733    0.01518809]]
1.1790797,"{'cas': 8, 'cwl': 30, 'rcd': 30, 'rp': 24, 'ras': 21, 'rrd': 14, 'faw': 62, 'rfc': 268}",[[0.01956198 1.28733    0.01518809]]
1.1359146,"{'cas': 3, 'cwl': 0, 'rcd': 17, 'rp': 13, 'ras': 0, 'rrd': 5, 'faw': 18, 'rfc': 526}",[[0.01859211 1.55301    0.01196521]]
1.1359146,"{'cas': 3, 'cwl': 0, 'rcd': 17, 'rp': 13, 'ras': 0, 'rrd': 5, 'faw': 18, 'rfc': 526}",[[0.01859211 1.55301    0.01196521]]
1.2070827,"{'cas': 0, 'cwl': 31, 'rcd': 31, 'rp': 31, 'ras': 63, 'rrd': 15, 'faw': 15, 'rfc': 210}",[[0.0196258  1.14342    0.01715563]]
1.2070827,"{'cas': 0, 'cwl': 31, 'rcd': 31, 'rp': 31, 'ras': 63, 'rrd': 15, 'faw': 15, 'rfc': 210}",[[0.0196258  1.14342    0.01715563]]
1.1480925,"{'cas': 10, 'cwl': 29, 'rcd': 31, 'rp': 2, 'ras': 43, 'rrd': 3, 'faw': 47, 'rfc': 285}",[[0.01820164 1.41034    0.012899  ]]
1.1480925,"{'cas': 10, 'cwl': 29, 'rcd': 31, 'rp': 2, 'ras': 43, 'rrd': 3, 'faw': 47, 'rfc': 285}",[[0.01820164 1.41034    0.012899  ]]
1.2070827,"{'cas': 31, 'cwl': 31, 'rcd': 31, 'rp': 31, 'ras': 63, 'rrd': 0, 'faw': 0, 'rfc': 290}",[[0.0196258  1.14342    0.01715563]]
1.2070827,"{'cas': 31, 'cwl': 31, 'rcd': 31, 'rp': 31, 'ras': 63, 'rrd': 0, 'faw': 0, 'rfc': 290}",[[0.0196258  1.14342    0.01715563]]
1.2070827,"{'cas': 24, 'cwl': 31, 'rcd': 31, 'rp': 31, 'ras': 63, 'rrd': 0, 'faw': 63, 'rfc': 210}",[[0.0196258  1.14342    0.01715563]]
1.2070827,"{'cas': 24, 'cwl': 31, 'rcd': 31, 'rp': 31, 'ras': 63, 'rrd': 0, 'faw': 63, 'rfc': 210}",[[0.0196258  1.14342    0.01715563]]
1.1983708,"{'cas': 3, 'cwl': 28, 'rcd': 30, 'rp': 31, 'ras': 57, 'rrd': 5, 'faw': 44, 'rfc': 612}",[[0.01948027 1.17623    0.01655338]]
1.1983708,"{'cas': 3, 'cwl': 28, 'rcd': 30, 'rp': 31, 'ras': 57, 'rrd': 5, 'faw': 44, 'rfc': 612}",[[0.01948027 1.17623    0.01655338]]
1.1434559,"{'cas': 25, 'cwl': 31, 'rcd': 10, 'rp': 1, 'ras': 62, 'rrd': 6, 'faw': 6, 'rfc': 462}",[[0.01770435 1.41042    0.01254581]]
1.1434559,"{'cas': 25, 'cwl': 31, 'rcd': 10, 'rp': 1, 'ras': 62, 'rrd': 6, 'faw': 6, 'rfc': 462}",[[0.01770435 1.41042    0.01254581]]
1.2070827,"{'cas': 0, 'cwl': 31, 'rcd': 31, 'rp': 31, 'ras': 63, 'rrd': 0, 'faw': 0, 'rfc': 403}",[[0.0196258  1.14342    0.01715563]]
1.2070827,"{'cas': 0, 'cwl': 31, 'rcd': 31, 'rp': 31, 'ras': 63, 'rrd': 0, 'faw': 0, 'rfc': 403}",[[0.0196258  1.14342    0.01715563]]
1.1604446,"{'cas': 16, 'cwl': 31, 'rcd': 30, 'rp': 12, 'ras': 0, 'rrd': 15, 'faw': 37, 'rfc': 368}",[[0.01937889 1.40088    0.01382613]]
1.1604446,"{'cas': 16, 'cwl': 31, 'rcd': 30, 'rp': 12, 'ras': 0, 'rrd': 15, 'faw': 37, 'rfc': 368}",[[0.01937889 1.40088    0.01382613]]
1.1877708,"{'cas': 29, 'cwl': 30, 'rcd': 28, 'rp': 31, 'ras': 27, 'rrd': 1, 'faw': 2, 'rfc': 287}",[[0.01970127 1.2456     0.01580867]]
1.1877708,"{'cas': 29, 'cwl': 30, 'rcd': 28, 'rp': 31, 'ras': 27, 'rrd': 1, 'faw': 2, 'rfc': 287}",[[0.01970127 1.2456     0.01580867]]
1.1672825,"{'cas': 0, 'cwl': 30, 'rcd': 3, 'rp': 18, 'ras': 63, 'rrd': 9, 'faw': 28, 'rfc': 389}",[[0.01843576 1.28577    0.01433093]]
1.1672825,"{'cas': 0, 'cwl': 30, 'rcd': 3, 'rp': 18, 'ras': 63, 'rrd': 9, 'faw': 28, 'rfc': 389}",[[0.01843576 1.28577    0.01433093]]
1.2070827,"{'cas': 0, 'cwl': 31, 'rcd': 31, 'rp': 31, 'ras': 63, 'rrd': 9, 'faw': 63, 'rfc': 630}",[[0.0196258  1.14342    0.01715563]]
1.2070827,"{'cas': 0, 'cwl': 31, 'rcd': 31, 'rp': 31, 'ras': 63, 'rrd': 9, 'faw': 63, 'rfc': 630}",[[0.0196258  1.14342    0.01715563]]
1.1384461,"{'cas': 3, 'cwl': 29, 'rcd': 17, 'rp': 0, 'ras': 9, 'rrd': 2, 'faw': 0, 'rfc': 481}",[[0.01851322 1.52153    0.01216097]]
1.1384461,"{'cas': 3, 'cwl': 29, 'rcd': 17, 'rp': 0, 'ras': 9, 'rrd': 2, 'faw': 0, 'rfc': 481}",[[0.01851322 1.52153    0.01216097]]
1.1447533,"{'cas': 0, 'cwl': 1, 'rcd': 30, 'rp': 1, 'ras': 63, 'rrd': 9, 'faw': 17, 'rfc': 314}",[[0.01772791 1.40123    0.01264494]]
1.1447533,"{'cas': 0, 'cwl': 1, 'rcd': 30, 'rp': 1, 'ras': 63, 'rrd': 9, 'faw': 17, 'rfc': 314}",[[0.01772791 1.40123    0.01264494]]
1.1795778,"{'cas': 6, 'cwl': 0, 'rcd': 30, 'rp': 30, 'ras': 29, 'rrd': 6, 'faw': 22, 'rfc': 252}",[[0.01941695 1.27478    0.01522391]]
1.1795778,"{'cas': 6, 'cwl': 0, 'rcd': 30, 'rp': 30, 'ras': 29, 'rrd': 6, 'faw': 22, 'rfc': 252}",[[0.01941695 1.27478    0.01522391]]
1.1671009,"{'cas': 18, 'cwl': 6, 'rcd': 21, 'rp': 31, 'ras': 9, 'rrd': 0, 'faw': 61, 'rfc': 458}",[[0.01939699 1.35407    0.0143176 ]]
1.1671009,"{'cas': 18, 'cwl': 6, 'rcd': 21, 'rp': 31, 'ras': 9, 'rrd': 0, 'faw': 61, 'rfc': 458}",[[0.01939699 1.35407    0.0143176 ]]
1.1310132,"{'cas': 20, 'cwl': 30, 'rcd': 0, 'rp': 2, 'ras': 35, 'rrd': 6, 'faw': 51, 'rfc': 490}",[[0.01779247 1.53516    0.0115837 ]]
1.1310132,"{'cas': 20, 'cwl': 30, 'rcd': 0, 'rp': 2, 'ras': 35, 'rrd': 6, 'faw': 51, 'rfc': 490}",[[0.01779247 1.53516    0.0115837 ]]
1.1625011,"{'cas': 21, 'cwl': 3, 'rcd': 14, 'rp': 31, 'ras': 42, 'rrd': 0, 'faw': 59, 'rfc': 262}",[[0.01866636 1.33466    0.01397857]]
1.1625011,"{'cas': 21, 'cwl': 3, 'rcd': 14, 'rp': 31, 'ras': 42, 'rrd': 0, 'faw': 59, 'rfc': 262}",[[0.01866636 1.33466    0.01397857]]
1.1575912,"{'cas': 12, 'cwl': 24, 'rcd': 12, 'rp': 30, 'ras': 8, 'rrd': 13, 'faw': 23, 'rfc': 488}",[[0.01912368 1.404      0.01361372]]
1.1575912,"{'cas': 12, 'cwl': 24, 'rcd': 12, 'rp': 30, 'ras': 8, 'rrd': 13, 'faw': 23, 'rfc': 488}",[[0.01912368 1.404      0.01361372]]
1.1621972,"{'cas': 18, 'cwl': 17, 'rcd': 29, 'rp': 17, 'ras': 8, 'rrd': 12, 'faw': 10, 'rfc': 340}",[[0.019285   1.38112    0.01395608]]
1.1621972,"{'cas': 18, 'cwl': 17, 'rcd': 29, 'rp': 17, 'ras': 8, 'rrd': 12, 'faw': 10, 'rfc': 340}",[[0.019285   1.38112    0.01395608]]
1.1328489,"{'cas': 24, 'cwl': 11, 'rcd': 3, 'rp': 16, 'ras': 22, 'rrd': 8, 'faw': 1, 'rfc': 481}",[[0.01808574 1.5414     0.01172697]]
1.1328489,"{'cas': 24, 'cwl': 11, 'rcd': 3, 'rp': 16, 'ras': 22, 'rrd': 8, 'faw': 1, 'rfc': 481}",[[0.01808574 1.5414     0.01172697]]
1.1719317,"{'cas': 24, 'cwl': 30, 'rcd': 31, 'rp': 16, 'ras': 56, 'rrd': 11, 'faw': 38, 'rfc': 551}",[[0.01870823 1.27455    0.0146708 ]]
1.1719317,"{'cas': 24, 'cwl': 30, 'rcd': 31, 'rp': 16, 'ras': 56, 'rrd': 11, 'faw': 38, 'rfc': 551}",[[0.01870823 1.27455    0.0146708 ]]
1.2070827,"{'cas': 0, 'cwl': 31, 'rcd': 31, 'rp': 31, 'ras': 63, 'rrd': 0, 'faw': 0, 'rfc': 445}",[[0.0196258  1.14342    0.01715563]]
1.2070827,"{'cas': 0, 'cwl': 31, 'rcd': 31, 'rp': 31, 'ras': 63, 'rrd': 0, 'faw': 0, 'rfc': 445}",[[0.0196258  1.14342    0.01715563]]
1.2070827,"{'cas': 31, 'cwl': 31, 'rcd': 31, 'rp': 31, 'ras': 63, 'rrd': 15, 'faw': 0, 'rfc': 399}",[[0.0196258  1.14342    0.01715563]]
1.2070827,"{'cas': 31, 'cwl': 31, 'rcd': 31, 'rp': 31, 'ras': 63, 'rrd': 15, 'faw': 0, 'rfc': 399}",[[0.0196258  1.14342    0.01715563]]
1.2070827,"{'cas': 0, 'cwl': 31, 'rcd': 31, 'rp': 31, 'ras': 63, 'rrd': 5, 'faw': 0, 'rfc': 630}",[[0.0196258  1.14342    0.01715563]]
1.2070827,"{'cas': 0, 'cwl': 31, 'rcd': 31, 'rp': 31, 'ras': 63, 'rrd': 5, 'faw': 0, 'rfc': 630}",[[0.0196258  1.14342    0.01715563]]
1.1783274,"{'cas': 24, 'cwl': 1, 'rcd': 0, 'rp': 31, 'ras': 63, 'rrd': 9, 'faw': 51, 'rfc': 604}",[[0.01877186 1.23975    0.01513394]]
1.1783274,"{'cas': 24, 'cwl': 1, 'rcd': 0, 'rp': 31, 'ras': 63, 'rrd': 9, 'faw': 51, 'rfc': 604}",[[0.01877186 1.23975    0.01513394]]
1.1369258,"{'cas': 2, 'cwl': 26, 'rcd': 3, 'rp': 14, 'ras': 27, 'rrd': 8, 'faw': 27, 'rfc': 265}",[[0.0181295  1.50452    0.01204351]]
1.1369258,"{'cas': 2, 'cwl': 26, 'rcd': 3, 'rp': 14, 'ras': 27, 'rrd': 8, 'faw': 27, 'rfc': 265}",[[0.0181295  1.50452    0.01204351]]
1.1526895,"{'cas': 8, 'cwl': 25, 'rcd': 23, 'rp': 15, 'ras': 42, 'rrd': 2, 'faw': 49, 'rfc': 411}",[[0.01836284 1.38553    0.01324637]]
1.1526895,"{'cas': 8, 'cwl': 25, 'rcd': 23, 'rp': 15, 'ras': 42, 'rrd': 2, 'faw': 49, 'rfc': 411}",[[0.01836284 1.38553    0.01324637]]
1.1754661,"{'cas': 17, 'cwl': 7, 'rcd': 22, 'rp': 28, 'ras': 53, 'rrd': 5, 'faw': 34, 'rfc': 415}",[[0.01886833 1.26336    0.01492736]]
1.1754661,"{'cas': 17, 'cwl': 7, 'rcd': 22, 'rp': 28, 'ras': 53, 'rrd': 5, 'faw': 34, 'rfc': 415}",[[0.01886833 1.26336    0.01492736]]
1.2070827,"{'cas': 18, 'cwl': 31, 'rcd': 31, 'rp': 31, 'ras': 63, 'rrd': 4, 'faw': 63, 'rfc': 210}",[[0.0196258  1.14342    0.01715563]]
1.2070827,"{'cas': 18, 'cwl': 31, 'rcd': 31, 'rp': 31, 'ras': 63, 'rrd': 4, 'faw': 63, 'rfc': 210}",[[0.0196258  1.14342    0.01715563]]
1.1438262,"{'cas': 18, 'cwl': 22, 'rcd': 21, 'rp': 3, 'ras': 57, 'rrd': 7, 'faw': 36, 'rfc': 304}",[[0.01780751 1.41545    0.01257414]]
1.1438262,"{'cas': 18, 'cwl': 22, 'rcd': 21, 'rp': 3, 'ras': 57, 'rrd': 7, 'faw': 36, 'rfc': 304}",[[0.01780751 1.41545    0.01257414]]
1.2070827,"{'cas': 31, 'cwl': 31, 'rcd': 31, 'rp': 31, 'ras': 63, 'rrd': 0, 'faw': 49, 'rfc': 630}",[[0.0196258  1.14342    0.01715563]]
1.2070827,"{'cas': 31, 'cwl': 31, 'rcd': 31, 'rp': 31, 'ras': 63, 'rrd': 0, 'faw': 49, 'rfc': 630}",[[0.0196258  1.14342    0.01715563]]
1.154885,"{'cas': 9, 'cwl': 24, 'rcd': 7, 'rp': 25, 'ras': 41, 'rrd': 7, 'faw': 24, 'rfc': 593}",[[0.01844848 1.37487    0.0134113 ]]
1.154885,"{'cas': 9, 'cwl': 24, 'rcd': 7, 'rp': 25, 'ras': 41, 'rrd': 7, 'faw': 24, 'rfc': 593}",[[0.01844848 1.37487    0.0134113 ]]
1.1400028,"{'cas': 15, 'cwl': 27, 'rcd': 0, 'rp': 21, 'ras': 1, 'rrd': 14, 'faw': 53, 'rfc': 210}",[[0.01869849 1.52175    0.01228092]]
1.1400028,"{'cas': 15, 'cwl': 27, 'rcd': 0, 'rp': 21, 'ras': 1, 'rrd': 14, 'faw': 53, 'rfc': 210}",[[0.01869849 1.52175    0.01228092]]
1.2070827,"{'cas': 0, 'cwl': 31, 'rcd': 31, 'rp': 31, 'ras': 63, 'rrd': 15, 'faw': 10, 'rfc': 210}",[[0.0196258  1.14342    0.01715563]]
1.2070827,"{'cas': 0, 'cwl': 31, 'rcd': 31, 'rp': 31, 'ras': 63, 'rrd': 15, 'faw': 10, 'rfc': 210}",[[0.0196258  1.14342    0.01715563]]
1.140696,"{'cas': 10, 'cwl': 25, 'rcd': 11, 'rp': 13, 'ras': 12, 'rrd': 10, 'faw': 12, 'rfc': 242}",[[0.01852818 1.50137    0.01233423]]
1.140696,"{'cas': 10, 'cwl': 25, 'rcd': 11, 'rp': 13, 'ras': 12, 'rrd': 10, 'faw': 12, 'rfc': 242}",[[0.01852818 1.50137    0.01233423]]
1.1496317,"{'cas': 19, 'cwl': 30, 'rcd': 1, 'rp': 25, 'ras': 37, 'rrd': 2, 'faw': 6, 'rfc': 263}",[[0.0183546  1.40945    0.01301563]]
1.1496317,"{'cas': 19, 'cwl': 30, 'rcd': 1, 'rp': 25, 'ras': 37, 'rrd': 2, 'faw': 6, 'rfc': 263}",[[0.0183546  1.40945    0.01301563]]
1.1269467,"{'cas': 13, 'cwl': 19, 'rcd': 1, 'rp': 2, 'ras': 53, 'rrd': 0, 'faw': 29, 'rfc': 526}",[[0.01732771 1.53739    0.01126466]]
1.1269467,"{'cas': 13, 'cwl': 19, 'rcd': 1, 'rp': 2, 'ras': 53, 'rrd': 0, 'faw': 29, 'rfc': 526}",[[0.01732771 1.53739    0.01126466]]
1.1828554,"{'cas': 7, 'cwl': 31, 'rcd': 25, 'rp': 31, 'ras': 16, 'rrd': 7, 'faw': 31, 'rfc': 519}",[[0.01975368 1.27718    0.01545881]]
1.1828554,"{'cas': 7, 'cwl': 31, 'rcd': 25, 'rp': 31, 'ras': 16, 'rrd': 7, 'faw': 31, 'rfc': 519}",[[0.01975368 1.27718    0.01545881]]
1.1894419,"{'cas': 27, 'cwl': 2, 'rcd': 21, 'rp': 31, 'ras': 62, 'rrd': 8, 'faw': 21, 'rfc': 476}",[[0.01912521 1.2002     0.01592696]]
1.1894419,"{'cas': 27, 'cwl': 2, 'rcd': 21, 'rp': 31, 'ras': 62, 'rrd': 8, 'faw': 21, 'rfc': 476}",[[0.01912521 1.2002     0.01592696]]
1.1567658,"{'cas': 1, 'cwl': 27, 'rcd': 26, 'rp': 14, 'ras': 29, 'rrd': 0, 'faw': 36, 'rfc': 552}",[[0.01873068 1.3814     0.01355208]]
1.1567658,"{'cas': 1, 'cwl': 27, 'rcd': 26, 'rp': 14, 'ras': 29, 'rrd': 0, 'faw': 36, 'rfc': 552}",[[0.01873068 1.3814     0.01355208]]
1.2070827,"{'cas': 27, 'cwl': 31, 'rcd': 31, 'rp': 31, 'ras': 63, 'rrd': 0, 'faw': 63, 'rfc': 210}",[[0.0196258  1.14342    0.01715563]]
1.2070827,"{'cas': 27, 'cwl': 31, 'rcd': 31, 'rp': 31, 'ras': 63, 'rrd': 0, 'faw': 63, 'rfc': 210}",[[0.0196258  1.14342    0.01715563]]
1.1344333,"{'cas': 3, 'cwl': 7, 'rcd': 9, 'rp': 15, 'ras': 14, 'rrd': 2, 'faw': 52, 'rfc': 278}",[[0.01828622 1.54227    0.01185026]]
1.1344333,"{'cas': 3, 'cwl': 7, 'rcd': 9, 'rp': 15, 'ras': 14, 'rrd': 2, 'faw': 52, 'rfc': 278}",[[0.01828622 1.54227    0.01185026]]
1.2070827,"{'cas': 31, 'cwl': 31, 'rcd': 31, 'rp': 31, 'ras': 63, 'rrd': 0, 'faw': 33, 'rfc': 630}",[[0.0196258  1.14342    0.01715563]]
1.2070827,"{'cas': 31, 'cwl': 31, 'rcd': 31, 'rp': 31, 'ras': 63, 'rrd': 0, 'faw': 33, 'rfc': 630}",[[0.0196258  1.14342    0.01715563]]
1.2070827,"{'cas': 0, 'cwl': 31, 'rcd': 31, 'rp': 31, 'ras': 63, 'rrd': 15, 'faw': 28, 'rfc': 630}",[[0.0196258  1.14342    0.01715563]]
1.2070827,"{'cas': 0, 'cwl': 31, 'rcd': 31, 'rp': 31, 'ras': 63, 'rrd': 15, 'faw': 28, 'rfc': 630}",[[0.0196258  1.14342    0.01715563]]
1.1485758,"{'cas': 2, 'cwl': 21, 'rcd': 26, 'rp': 9, 'ras': 47, 'rrd': 4, 'faw': 35, 'rfc': 544}",[[0.01814192 1.40173    0.01293566]]
1.1485758,"{'cas': 2, 'cwl': 21, 'rcd': 26, 'rp': 9, 'ras': 47, 'rrd': 4, 'faw': 35, 'rfc': 544}",[[0.01814192 1.40173    0.01293566]]
1.1816678,"{'cas': 27, 'cwl': 28, 'rcd': 14, 'rp': 31, 'ras': 52, 'rrd': 5, 'faw': 46, 'rfc': 279}",[[0.0190745  1.24008    0.01537385]]
1.1816678,"{'cas': 27, 'cwl': 28, 'rcd': 14, 'rp': 31, 'ras': 52, 'rrd': 5, 'faw': 46, 'rfc': 279}",[[0.0190745  1.24008    0.01537385]]
1.1851559,"{'cas': 21, 'cwl': 30, 'rcd': 20, 'rp': 23, 'ras': 63, 'rrd': 4, 'faw': 16, 'rfc': 376}",[[0.01898033 1.21429    0.01562291]]
1.1851559,"{'cas': 21, 'cwl': 30, 'rcd': 20, 'rp': 23, 'ras': 63, 'rrd': 4, 'faw': 16, 'rfc': 376}",[[0.01898033 1.21429    0.01562291]]
1.1469626,"{'cas': 1, 'cwl': 0, 'rcd': 0, 'rp': 31, 'ras': 35, 'rrd': 8, 'faw': 54, 'rfc': 220}",[[0.01830222 1.42763    0.01281321]]
1.1469626,"{'cas': 1, 'cwl': 0, 'rcd': 0, 'rp': 31, 'ras': 35, 'rrd': 8, 'faw': 54, 'rfc': 220}",[[0.01830222 1.42763    0.01281321]]
1.1299486,"{'cas': 19, 'cwl': 15, 'rcd': 2, 'rp': 9, 'ras': 28, 'rrd': 2, 'faw': 47, 'rfc': 550}",[[0.0178836 1.55419   0.0115004]]
1.1299486,"{'cas': 19, 'cwl': 15, 'rcd': 2, 'rp': 9, 'ras': 28, 'rrd': 2, 'faw': 47, 'rfc': 550}",[[0.0178836 1.55419   0.0115004]]
1.1729164,"{'cas': 20, 'cwl': 27, 'rcd': 18, 'rp': 22, 'ras': 56, 'rrd': 6, 'faw': 5, 'rfc': 247}",[[0.01873685 1.27029    0.01474243]]
1.1729164,"{'cas': 20, 'cwl': 27, 'rcd': 18, 'rp': 22, 'ras': 56, 'rrd': 6, 'faw': 5, 'rfc': 247}",[[0.01873685 1.27029    0.01474243]]
1.2070827,"{'cas': 31, 'cwl': 31, 'rcd': 31, 'rp': 31, 'ras': 63, 'rrd': 8, 'faw': 21, 'rfc': 630}",[[0.0196258  1.14342    0.01715563]]
1.2070827,"{'cas': 31, 'cwl': 31, 'rcd': 31, 'rp': 31, 'ras': 63, 'rrd': 8, 'faw': 21, 'rfc': 630}",[[0.0196258  1.14342    0.01715563]]
1.1932489,"{'cas': 21, 'cwl': 31, 'rcd': 31, 'rp': 31, 'ras': 28, 'rrd': 1, 'faw': 6, 'rfc': 585}",[[0.01984613 1.22482    0.01619519]]
1.1932489,"{'cas': 21, 'cwl': 31, 'rcd': 31, 'rp': 31, 'ras': 28, 'rrd': 1, 'faw': 6, 'rfc': 585}",[[0.01984613 1.22482    0.01619519]]
1.156855,"{'cas': 15, 'cwl': 29, 'rcd': 17, 'rp': 22, 'ras': 38, 'rrd': 1, 'faw': 31, 'rfc': 281}",[[0.01856342 1.3684     0.01355874]]
1.156855,"{'cas': 15, 'cwl': 29, 'rcd': 17, 'rp': 22, 'ras': 38, 'rrd': 1, 'faw': 31, 'rfc': 281}",[[0.01856342 1.3684     0.01355874]]
1.1411515,"{'cas': 9, 'cwl': 9, 'rcd': 26, 'rp': 7, 'ras': 31, 'rrd': 3, 'faw': 45, 'rfc': 287}",[[0.01819639 1.47032    0.01236922]]
1.1411515,"{'cas': 9, 'cwl': 9, 'rcd': 26, 'rp': 7, 'ras': 31, 'rrd': 3, 'faw': 45, 'rfc': 287}",[[0.01819639 1.47032    0.01236922]]
1.2070827,"{'cas': 16, 'cwl': 31, 'rcd': 31, 'rp': 31, 'ras': 63, 'rrd': 0, 'faw': 0, 'rfc': 392}",[[0.0196258  1.14342    0.01715563]]
1.2070827,"{'cas': 16, 'cwl': 31, 'rcd': 31, 'rp': 31, 'ras': 63, 'rrd': 0, 'faw': 0, 'rfc': 392}",[[0.0196258  1.14342    0.01715563]]
1.2070827,"{'cas': 10, 'cwl': 31, 'rcd': 31, 'rp': 31, 'ras': 63, 'rrd': 15, 'faw': 0, 'rfc': 630}",[[0.0196258  1.14342    0.01715563]]
1.2070827,"{'cas': 10, 'cwl': 31, 'rcd': 31, 'rp': 31, 'ras': 63, 'rrd': 15, 'faw': 0, 'rfc': 630}",[[0.0196258  1.14342    0.01715563]]
1.2070827,"{'cas': 16, 'cwl': 31, 'rcd': 31, 'rp': 31, 'ras': 63, 'rrd': 15, 'faw': 0, 'rfc': 630}",[[0.0196258  1.14342    0.01715563]]
1.2070827,"{'cas': 16, 'cwl': 31, 'rcd': 31, 'rp': 31, 'ras': 63, 'rrd': 15, 'faw': 0, 'rfc': 630}",[[0.0196258  1.14342    0.01715563]]
1.1898192,"{'cas': 31, 'cwl': 30, 'rcd': 30, 'rp': 30, 'ras': 1, 'rrd': 4, 'faw': 10, 'rfc': 215}",[[0.02023836 1.26794    0.01595362]]
1.1898192,"{'cas': 31, 'cwl': 30, 'rcd': 30, 'rp': 30, 'ras': 1, 'rrd': 4, 'faw': 10, 'rfc': 215}",[[0.02023836 1.26794    0.01595362]]
1.2070827,"{'cas': 16, 'cwl': 31, 'rcd': 31, 'rp': 31, 'ras': 63, 'rrd': 15, 'faw': 0, 'rfc': 423}",[[0.0196258  1.14342    0.01715563]]
1.2070827,"{'cas': 16, 'cwl': 31, 'rcd': 31, 'rp': 31, 'ras': 63, 'rrd': 15, 'faw': 0, 'rfc': 423}",[[0.0196258  1.14342    0.01715563]]
1.2070827,"{'cas': 14, 'cwl': 31, 'rcd': 31, 'rp': 31, 'ras': 63, 'rrd': 10, 'faw': 63, 'rfc': 630}",[[0.0196258  1.14342    0.01715563]]
1.2070827,"{'cas': 14, 'cwl': 31, 'rcd': 31, 'rp': 31, 'ras': 63, 'rrd': 10, 'faw': 63, 'rfc': 630}",[[0.0196258  1.14342    0.01715563]]
1.2070827,"{'cas': 16, 'cwl': 31, 'rcd': 31, 'rp': 31, 'ras': 63, 'rrd': 0, 'faw': 21, 'rfc': 255}",[[0.0196258  1.14342    0.01715563]]
1.2070827,"{'cas': 16, 'cwl': 31, 'rcd': 31, 'rp': 31, 'ras': 63, 'rrd': 0, 'faw': 21, 'rfc': 255}",[[0.0196258  1.14342    0.01715563]]
1.2070827,"{'cas': 0, 'cwl': 31, 'rcd': 31, 'rp': 31, 'ras': 63, 'rrd': 0, 'faw': 4, 'rfc': 630}",[[0.0196258  1.14342    0.01715563]]
1.2070827,"{'cas': 0, 'cwl': 31, 'rcd': 31, 'rp': 31, 'ras': 63, 'rrd': 0, 'faw': 4, 'rfc': 630}",[[0.0196258  1.14342    0.01715563]]
1.2070827,"{'cas': 16, 'cwl': 31, 'rcd': 31, 'rp': 31, 'ras': 63, 'rrd': 8, 'faw': 63, 'rfc': 210}",[[0.0196258  1.14342    0.01715563]]
1.2070827,"{'cas': 16, 'cwl': 31, 'rcd': 31, 'rp': 31, 'ras': 63, 'rrd': 8, 'faw': 63, 'rfc': 210}",[[0.0196258  1.14342    0.01715563]]
1.1529219,"{'cas': 3, 'cwl': 18, 'rcd': 13, 'rp': 27, 'ras': 20, 'rrd': 7, 'faw': 1, 'rfc': 213}",[[0.01876002 1.41363    0.01326386]]
1.1529219,"{'cas': 3, 'cwl': 18, 'rcd': 13, 'rp': 27, 'ras': 20, 'rrd': 7, 'faw': 1, 'rfc': 213}",[[0.01876002 1.41363    0.01326386]]
1.2070827,"{'cas': 15, 'cwl': 31, 'rcd': 31, 'rp': 31, 'ras': 63, 'rrd': 1, 'faw': 63, 'rfc': 630}",[[0.0196258  1.14342    0.01715563]]
1.2070827,"{'cas': 15, 'cwl': 31, 'rcd': 31, 'rp': 31, 'ras': 63, 'rrd': 1, 'faw': 63, 'rfc': 630}",[[0.0196258  1.14342    0.01715563]]
1.2070827,"{'cas': 15, 'cwl': 31, 'rcd': 31, 'rp': 31, 'ras': 63, 'rrd': 0, 'faw': 0, 'rfc': 347}",[[0.0196258  1.14342    0.01715563]]
1.2070827,"{'cas': 15, 'cwl': 31, 'rcd': 31, 'rp': 31, 'ras': 63, 'rrd': 0, 'faw': 0, 'rfc': 347}",[[0.0196258  1.14342    0.01715563]]
1.2070827,"{'cas': 0, 'cwl': 31, 'rcd': 31, 'rp': 31, 'ras': 63, 'rrd': 12, 'faw': 63, 'rfc': 605}",[[0.0196258  1.14342    0.01715563]]
1.2070827,"{'cas': 0, 'cwl': 31, 'rcd': 31, 'rp': 31, 'ras': 63, 'rrd': 12, 'faw': 63, 'rfc': 605}",[[0.0196258  1.14342    0.01715563]]
1.1314182,"{'cas': 9, 'cwl': 2, 'rcd': 15, 'rp': 6, 'ras': 35, 'rrd': 1, 'faw': 39, 'rfc': 453}",[[0.01780479 1.53203    0.01161535]]
1.1314182,"{'cas': 9, 'cwl': 2, 'rcd': 15, 'rp': 6, 'ras': 35, 'rrd': 1, 'faw': 39, 'rfc': 453}",[[0.01780479 1.53203    0.01161535]]
1.2070827,"{'cas': 2, 'cwl': 31, 'rcd': 31, 'rp': 31, 'ras': 63, 'rrd': 15, 'faw': 19, 'rfc': 210}",[[0.0196258  1.14342    0.01715563]]
1.2070827,"{'cas': 2, 'cwl': 31, 'rcd': 31, 'rp': 31, 'ras': 63, 'rrd': 15, 'faw': 19, 'rfc': 210}",[[0.0196258  1.14342    0.01715563]]
1.1832519,"{'cas': 27, 'cwl': 2, 'rcd': 31, 'rp': 31, 'ras': 14, 'rrd': 7, 'faw': 62, 'rfc': 404}",[[0.01980415 1.2781     0.01548714]]
1.1832519,"{'cas': 27, 'cwl': 2, 'rcd': 31, 'rp': 31, 'ras': 14, 'rrd': 7, 'faw': 62, 'rfc': 404}",[[0.01980415 1.2781     0.01548714]]
1.1594472,"{'cas': 26, 'cwl': 14, 'rcd': 28, 'rp': 16, 'ras': 51, 'rrd': 14, 'faw': 38, 'rfc': 445}",[[0.01841163 1.33814    0.013752  ]]
1.1594472,"{'cas': 26, 'cwl': 14, 'rcd': 28, 'rp': 16, 'ras': 51, 'rrd': 14, 'faw': 38, 'rfc': 445}",[[0.01841163 1.33814    0.013752  ]]
1.2070827,"{'cas': 24, 'cwl': 31, 'rcd': 31, 'rp': 31, 'ras': 63, 'rrd': 15, 'faw': 0, 'rfc': 210}",[[0.0196258  1.14342    0.01715563]]
1.2070827,"{'cas': 24, 'cwl': 31, 'rcd': 31, 'rp': 31, 'ras': 63, 'rrd': 15, 'faw': 0, 'rfc': 210}",[[0.0196258  1.14342    0.01715563]]
1.2070827,"{'cas': 0, 'cwl': 31, 'rcd': 31, 'rp': 31, 'ras': 63, 'rrd': 7, 'faw': 63, 'rfc': 630}",[[0.0196258  1.14342    0.01715563]]
1.2070827,"{'cas': 0, 'cwl': 31, 'rcd': 31, 'rp': 31, 'ras': 63, 'rrd': 7, 'faw': 63, 'rfc': 630}",[[0.0196258  1.14342    0.01715563]]
1.1473902,"{'cas': 9, 'cwl': 29, 'rcd': 0, 'rp': 31, 'ras': 12, 'rrd': 11, 'faw': 17, 'rfc': 280}",[[0.01871951 1.45649    0.01284569]]
1.1473902,"{'cas': 9, 'cwl': 29, 'rcd': 0, 'rp': 31, 'ras': 12, 'rrd': 11, 'faw': 17, 'rfc': 280}",[[0.01871951 1.45649    0.01284569]]
1.1303209,"{'cas': 5, 'cwl': 8, 'rcd': 6, 'rp': 10, 'ras': 34, 'rrd': 9, 'faw': 27, 'rfc': 386}",[[0.01778576 1.54178    0.01152955]]
1.1303209,"{'cas': 5, 'cwl': 8, 'rcd': 6, 'rp': 10, 'ras': 34, 'rrd': 9, 'faw': 27, 'rfc': 386}",[[0.01778576 1.54178    0.01152955]]
1.2070827,"{'cas': 13, 'cwl': 31, 'rcd': 31, 'rp': 31, 'ras': 63, 'rrd': 15, 'faw': 63, 'rfc': 210}",[[0.0196258  1.14342    0.01715563]]
1.2070827,"{'cas': 13, 'cwl': 31, 'rcd': 31, 'rp': 31, 'ras': 63, 'rrd': 15, 'faw': 63, 'rfc': 210}",[[0.0196258  1.14342    0.01715563]]
1.2070827,"{'cas': 31, 'cwl': 31, 'rcd': 31, 'rp': 31, 'ras': 63, 'rrd': 15, 'faw': 63, 'rfc': 335}",[[0.0196258  1.14342    0.01715563]]
1.2070827,"{'cas': 31, 'cwl': 31, 'rcd': 31, 'rp': 31, 'ras': 63, 'rrd': 15, 'faw': 63, 'rfc': 335}",[[0.0196258  1.14342    0.01715563]]
1.1542854,"{'cas': 29, 'cwl': 2, 'rcd': 1, 'rp': 20, 'ras': 58, 'rrd': 9, 'faw': 38, 'rfc': 303}",[[0.01811933 1.35489    0.01336632]]
1.1542854,"{'cas': 29, 'cwl': 2, 'rcd': 1, 'rp': 20, 'ras': 58, 'rrd': 9, 'faw': 38, 'rfc': 303}",[[0.01811933 1.35489    0.01336632]]
1.2070827,"{'cas': 31, 'cwl': 31, 'rcd': 31, 'rp': 31, 'ras': 63, 'rrd': 0, 'faw': 0, 'rfc': 210}",[[0.0196258  1.14342    0.01715563]]
1.2070827,"{'cas': 31, 'cwl': 31, 'rcd': 31, 'rp': 31, 'ras': 63, 'rrd': 0, 'faw': 0, 'rfc': 210}",[[0.0196258  1.14342    0.01715563]]
1.1430094,"{'cas': 5, 'cwl': 14, 'rcd': 26, 'rp': 7, 'ras': 44, 'rrd': 15, 'faw': 15, 'rfc': 499}",[[0.01801829 1.43935    0.01251166]]
1.1430094,"{'cas': 5, 'cwl': 14, 'rcd': 26, 'rp': 7, 'ras': 44, 'rrd': 15, 'faw': 15, 'rfc': 499}",[[0.01801829 1.43935    0.01251166]]
1.1716458,"{'cas': 23, 'cwl': 26, 'rcd': 27, 'rp': 23, 'ras': 14, 'rrd': 8, 'faw': 16, 'rfc': 371}",[[0.01946244 1.32781    0.01464997]]
1.1716458,"{'cas': 23, 'cwl': 26, 'rcd': 27, 'rp': 23, 'ras': 14, 'rrd': 8, 'faw': 16, 'rfc': 371}",[[0.01946244 1.32781    0.01464997]]
1.2070827,"{'cas': 8, 'cwl': 31, 'rcd': 31, 'rp': 31, 'ras': 63, 'rrd': 1, 'faw': 1, 'rfc': 213}",[[0.0196258  1.14342    0.01715563]]
1.2070827,"{'cas': 8, 'cwl': 31, 'rcd': 31, 'rp': 31, 'ras': 63, 'rrd': 1, 'faw': 1, 'rfc': 213}",[[0.0196258  1.14342    0.01715563]]
1.179045,"{'cas': 7, 'cwl': 7, 'rcd': 24, 'rp': 25, 'ras': 60, 'rrd': 10, 'faw': 46, 'rfc': 321}",[[0.01884997 1.24067    0.01518559]]
1.179045,"{'cas': 7, 'cwl': 7, 'rcd': 24, 'rp': 25, 'ras': 60, 'rrd': 10, 'faw': 46, 'rfc': 321}",[[0.01884997 1.24067    0.01518559]]
1.2070827,"{'cas': 31, 'cwl': 31, 'rcd': 31, 'rp': 31, 'ras': 63, 'rrd': 15, 'faw': 50, 'rfc': 630}",[[0.0196258  1.14342    0.01715563]]
1.2070827,"{'cas': 31, 'cwl': 31, 'rcd': 31, 'rp': 31, 'ras': 63, 'rrd': 15, 'faw': 50, 'rfc': 630}",[[0.0196258  1.14342    0.01715563]]
1.1278572,"{'cas': 28, 'cwl': 5, 'rcd': 7, 'rp': 6, 'ras': 13, 'rrd': 10, 'faw': 46, 'rfc': 319}",[[0.01808967 1.59486    0.0113363 ]]
1.1278572,"{'cas': 28, 'cwl': 5, 'rcd': 7, 'rp': 6, 'ras': 13, 'rrd': 10, 'faw': 46, 'rfc': 319}",[[0.01808967 1.59486    0.0113363 ]]
1.1464698,"{'cas': 21, 'cwl': 18, 'rcd': 13, 'rp': 22, 'ras': 33, 'rrd': 5, 'faw': 22, 'rfc': 482}",[[0.01832304 1.43345    0.01277572]]
1.1464698,"{'cas': 21, 'cwl': 18, 'rcd': 13, 'rp': 22, 'ras': 33, 'rrd': 5, 'faw': 22, 'rfc': 482}",[[0.01832304 1.43345    0.01277572]]
1.2070827,"{'cas': 9, 'cwl': 31, 'rcd': 31, 'rp': 31, 'ras': 63, 'rrd': 0, 'faw': 63, 'rfc': 630}",[[0.0196258  1.14342    0.01715563]]
1.2070827,"{'cas': 9, 'cwl': 31, 'rcd': 31, 'rp': 31, 'ras': 63, 'rrd': 0, 'faw': 63, 'rfc': 630}",[[0.0196258  1.14342    0.01715563]]
1.2070827,"{'cas': 12, 'cwl': 31, 'rcd': 31, 'rp': 31, 'ras': 63, 'rrd': 2, 'faw': 2, 'rfc': 615}",[[0.0196258  1.14342    0.01715563]]
1.2070827,"{'cas': 12, 'cwl': 31, 'rcd': 31, 'rp': 31, 'ras': 63, 'rrd': 2, 'faw': 2, 'rfc': 615}",[[0.0196258  1.14342    0.01715563]]
1.1318022,"{'cas': 27, 'cwl': 14, 'rcd': 8, 'rp': 7, 'ras': 42, 'rrd': 6, 'faw': 42, 'rfc': 244}",[[0.01768887 1.51814    0.01164534]]
1.1318022,"{'cas': 27, 'cwl': 14, 'rcd': 8, 'rp': 7, 'ras': 42, 'rrd': 6, 'faw': 42, 'rfc': 244}",[[0.01768887 1.51814    0.01164534]]
1.2070827,"{'cas': 31, 'cwl': 31, 'rcd': 31, 'rp': 31, 'ras': 63, 'rrd': 6, 'faw': 63, 'rfc': 630}",[[0.0196258  1.14342    0.01715563]]
1.2070827,"{'cas': 31, 'cwl': 31, 'rcd': 31, 'rp': 31, 'ras': 63, 'rrd': 6, 'faw': 63, 'rfc': 630}",[[0.0196258  1.14342    0.01715563]]
1.2070827,"{'cas': 0, 'cwl': 31, 'rcd': 31, 'rp': 31, 'ras': 63, 'rrd': 0, 'faw': 28, 'rfc': 630}",[[0.0196258  1.14342    0.01715563]]
1.2070827,"{'cas': 0, 'cwl': 31, 'rcd': 31, 'rp': 31, 'ras': 63, 'rrd': 0, 'faw': 28, 'rfc': 630}",[[0.0196258  1.14342    0.01715563]]
1.2070827,"{'cas': 0, 'cwl': 31, 'rcd': 31, 'rp': 31, 'ras': 63, 'rrd': 0, 'faw': 26, 'rfc': 630}",[[0.0196258  1.14342    0.01715563]]
1.2070827,"{'cas': 0, 'cwl': 31, 'rcd': 31, 'rp': 31, 'ras': 63, 'rrd': 0, 'faw': 26, 'rfc': 630}",[[0.0196258  1.14342    0.01715563]]
1.1502928,"{'cas': 22, 'cwl': 0, 'rcd': 31, 'rp': 11, 'ras': 18, 'rrd': 9, 'faw': 1, 'rfc': 291}",[[0.01872785 1.43261    0.01306561]]
1.1502928,"{'cas': 22, 'cwl': 0, 'rcd': 31, 'rp': 11, 'ras': 18, 'rrd': 9, 'faw': 1, 'rfc': 291}",[[0.01872785 1.43261    0.01306561]]
1.2070827,"{'cas': 14, 'cwl': 31, 'rcd': 31, 'rp': 31, 'ras': 63, 'rrd': 0, 'faw': 63, 'rfc': 210}",[[0.0196258  1.14342    0.01715563]]
1.2070827,"{'cas': 14, 'cwl': 31, 'rcd': 31, 'rp': 31, 'ras': 63, 'rrd': 0, 'faw': 63, 'rfc': 210}",[[0.0196258  1.14342    0.01715563]]
1.2070827,"{'cas': 17, 'cwl': 31, 'rcd': 31, 'rp': 31, 'ras': 63, 'rrd': 15, 'faw': 0, 'rfc': 630}",[[0.0196258  1.14342    0.01715563]]
1.2070827,"{'cas': 17, 'cwl': 31, 'rcd': 31, 'rp': 31, 'ras': 63, 'rrd': 15, 'faw': 0, 'rfc': 630}",[[0.0196258  1.14342    0.01715563]]
1.1834267,"{'cas': 31, 'cwl': 28, 'rcd': 31, 'rp': 26, 'ras': 45, 'rrd': 2, 'faw': 44, 'rfc': 618}",[[0.01925008 1.24134    0.01549963]]
1.1834267,"{'cas': 31, 'cwl': 28, 'rcd': 31, 'rp': 26, 'ras': 45, 'rrd': 2, 'faw': 44, 'rfc': 618}",[[0.01925008 1.24134    0.01549963]]
1.2070827,"{'cas': 14, 'cwl': 31, 'rcd': 31, 'rp': 31, 'ras': 63, 'rrd': 2, 'faw': 63, 'rfc': 210}",[[0.0196258  1.14342    0.01715563]]
1.2070827,"{'cas': 14, 'cwl': 31, 'rcd': 31, 'rp': 31, 'ras': 63, 'rrd': 2, 'faw': 63, 'rfc': 210}",[[0.0196258  1.14342    0.01715563]]
1.2070827,"{'cas': 0, 'cwl': 31, 'rcd': 31, 'rp': 31, 'ras': 63, 'rrd': 5, 'faw': 63, 'rfc': 210}",[[0.0196258  1.14342    0.01715563]]
1.2070827,"{'cas': 0, 'cwl': 31, 'rcd': 31, 'rp': 31, 'ras': 63, 'rrd': 5, 'faw': 63, 'rfc': 210}",[[0.0196258  1.14342    0.01715563]]
1.2070827,"{'cas': 18, 'cwl': 31, 'rcd': 31, 'rp': 31, 'ras': 63, 'rrd': 15, 'faw': 0, 'rfc': 630}",[[0.0196258  1.14342    0.01715563]]
1.2070827,"{'cas': 18, 'cwl': 31, 'rcd': 31, 'rp': 31, 'ras': 63, 'rrd': 15, 'faw': 0, 'rfc': 630}",[[0.0196258  1.14342    0.01715563]]
1.2070827,"{'cas': 12, 'cwl': 31, 'rcd': 31, 'rp': 31, 'ras': 63, 'rrd': 15, 'faw': 63, 'rfc': 630}",[[0.0196258  1.14342    0.01715563]]
1.2070827,"{'cas': 12, 'cwl': 31, 'rcd': 31, 'rp': 31, 'ras': 63, 'rrd': 15, 'faw': 63, 'rfc': 630}",[[0.0196258  1.14342    0.01715563]]
1.2070827,"{'cas': 31, 'cwl': 31, 'rcd': 31, 'rp': 31, 'ras': 63, 'rrd': 9, 'faw': 0, 'rfc': 210}",[[0.0196258  1.14342    0.01715563]]
1.2070827,"{'cas': 31, 'cwl': 31, 'rcd': 31, 'rp': 31, 'ras': 63, 'rrd': 9, 'faw': 0, 'rfc': 210}",[[0.0196258  1.14342    0.01715563]]
1.2070827,"{'cas': 20, 'cwl': 31, 'rcd': 31, 'rp': 31, 'ras': 63, 'rrd': 15, 'faw': 8, 'rfc': 630}",[[0.0196258  1.14342    0.01715563]]
1.2070827,"{'cas': 20, 'cwl': 31, 'rcd': 31, 'rp': 31, 'ras': 63, 'rrd': 15, 'faw': 8, 'rfc': 630}",[[0.0196258  1.14342    0.01715563]]
1.2070827,"{'cas': 0, 'cwl': 31, 'rcd': 31, 'rp': 31, 'ras': 63, 'rrd': 15, 'faw': 57, 'rfc': 210}",[[0.0196258  1.14342    0.01715563]]
1.2070827,"{'cas': 0, 'cwl': 31, 'rcd': 31, 'rp': 31, 'ras': 63, 'rrd': 15, 'faw': 57, 'rfc': 210}",[[0.0196258  1.14342    0.01715563]]
1.2070827,"{'cas': 16, 'cwl': 31, 'rcd': 31, 'rp': 31, 'ras': 63, 'rrd': 0, 'faw': 27, 'rfc': 630}",[[0.0196258  1.14342    0.01715563]]
1.2070827,"{'cas': 16, 'cwl': 31, 'rcd': 31, 'rp': 31, 'ras': 63, 'rrd': 0, 'faw': 27, 'rfc': 630}",[[0.0196258  1.14342    0.01715563]]
1.2070827,"{'cas': 22, 'cwl': 31, 'rcd': 31, 'rp': 31, 'ras': 63, 'rrd': 15, 'faw': 63, 'rfc': 303}",[[0.0196258  1.14342    0.01715563]]
1.2070827,"{'cas': 22, 'cwl': 31, 'rcd': 31, 'rp': 31, 'ras': 63, 'rrd': 15, 'faw': 63, 'rfc': 303}",[[0.0196258  1.14342    0.01715563]]
1.2070827,"{'cas': 9, 'cwl': 31, 'rcd': 31, 'rp': 31, 'ras': 63, 'rrd': 15, 'faw': 0, 'rfc': 548}",[[0.0196258  1.14342    0.01715563]]
1.2070827,"{'cas': 9, 'cwl': 31, 'rcd': 31, 'rp': 31, 'ras': 63, 'rrd': 15, 'faw': 0, 'rfc': 548}",[[0.0196258  1.14342    0.01715563]]
1.2070827,"{'cas': 30, 'cwl': 31, 'rcd': 31, 'rp': 31, 'ras': 63, 'rrd': 14, 'faw': 30, 'rfc': 210}",[[0.0196258  1.14342    0.01715563]]
1.2070827,"{'cas': 30, 'cwl': 31, 'rcd': 31, 'rp': 31, 'ras': 63, 'rrd': 14, 'faw': 30, 'rfc': 210}",[[0.0196258  1.14342    0.01715563]]
1.2070827,"{'cas': 14, 'cwl': 31, 'rcd': 31, 'rp': 31, 'ras': 63, 'rrd': 15, 'faw': 63, 'rfc': 630}",[[0.0196258  1.14342    0.01715563]]
1.2070827,"{'cas': 14, 'cwl': 31, 'rcd': 31, 'rp': 31, 'ras': 63, 'rrd': 15, 'faw': 63, 'rfc': 630}",[[0.0196258  1.14342    0.01715563]]
1.1714171,"{'cas': 15, 'cwl': 25, 'rcd': 22, 'rp': 22, 'ras': 53, 'rrd': 5, 'faw': 44, 'rfc': 340}",[[0.01874573 1.28037    0.01463331]]
1.1714171,"{'cas': 15, 'cwl': 25, 'rcd': 22, 'rp': 22, 'ras': 53, 'rrd': 5, 'faw': 44, 'rfc': 340}",[[0.01874573 1.28037    0.01463331]]
1.159436,"{'cas': 11, 'cwl': 14, 'rcd': 17, 'rp': 24, 'ras': 45, 'rrd': 8, 'faw': 30, 'rfc': 604}",[[0.01851896 1.34602    0.01375116]]
1.159436,"{'cas': 11, 'cwl': 14, 'rcd': 17, 'rp': 24, 'ras': 45, 'rrd': 8, 'faw': 30, 'rfc': 604}",[[0.01851896 1.34602    0.01375116]]
1.1360006,"{'cas': 26, 'cwl': 7, 'rcd': 20, 'rp': 7, 'ras': 44, 'rrd': 3, 'faw': 38, 'rfc': 268}",[[0.0177902  1.4852     0.01197188]]
1.1360006,"{'cas': 26, 'cwl': 7, 'rcd': 20, 'rp': 7, 'ras': 44, 'rrd': 3, 'faw': 38, 'rfc': 268}",[[0.0177902  1.4852     0.01197188]]
1.2070827,"{'cas': 31, 'cwl': 31, 'rcd': 31, 'rp': 31, 'ras': 63, 'rrd': 0, 'faw': 63, 'rfc': 324}",[[0.0196258  1.14342    0.01715563]]
1.2070827,"{'cas': 31, 'cwl': 31, 'rcd': 31, 'rp': 31, 'ras': 63, 'rrd': 0, 'faw': 63, 'rfc': 324}",[[0.0196258  1.14342    0.01715563]]
1.2070827,"{'cas': 0, 'cwl': 31, 'rcd': 31, 'rp': 31, 'ras': 63, 'rrd': 15, 'faw': 37, 'rfc': 210}",[[0.0196258  1.14342    0.01715563]]
1.2070827,"{'cas': 0, 'cwl': 31, 'rcd': 31, 'rp': 31, 'ras': 63, 'rrd': 15, 'faw': 37, 'rfc': 210}",[[0.0196258  1.14342    0.01715563]]
1.1744655,"{'cas': 24, 'cwl': 6, 'rcd': 31, 'rp': 18, 'ras': 63, 'rrd': 5, 'faw': 50, 'rfc': 579}",[[0.0186573  1.25533    0.01485489]]
1.1744655,"{'cas': 24, 'cwl': 6, 'rcd': 31, 'rp': 18, 'ras': 63, 'rrd': 5, 'faw': 50, 'rfc': 579}",[[0.0186573  1.25533    0.01485489]]
1.1339939,"{'cas': 21, 'cwl': 24, 'rcd': 12, 'rp': 1, 'ras': 33, 'rrd': 14, 'faw': 46, 'rfc': 564}",[[0.01792757 1.51639    0.0118161 ]]
1.1339939,"{'cas': 21, 'cwl': 24, 'rcd': 12, 'rp': 1, 'ras': 33, 'rrd': 14, 'faw': 46, 'rfc': 564}",[[0.01792757 1.51639    0.0118161 ]]
1.2070827,"{'cas': 23, 'cwl': 31, 'rcd': 31, 'rp': 31, 'ras': 63, 'rrd': 0, 'faw': 0, 'rfc': 630}",[[0.0196258  1.14342    0.01715563]]
1.2070827,"{'cas': 23, 'cwl': 31, 'rcd': 31, 'rp': 31, 'ras': 63, 'rrd': 0, 'faw': 0, 'rfc': 630}",[[0.0196258  1.14342    0.01715563]]
1.2070827,"{'cas': 0, 'cwl': 31, 'rcd': 31, 'rp': 31, 'ras': 63, 'rrd': 15, 'faw': 45, 'rfc': 630}",[[0.0196258  1.14342    0.01715563]]
1.2070827,"{'cas': 0, 'cwl': 31, 'rcd': 31, 'rp': 31, 'ras': 63, 'rrd': 15, 'faw': 45, 'rfc': 630}",[[0.0196258  1.14342    0.01715563]]
1.1829953,"{'cas': 26, 'cwl': 31, 'rcd': 31, 'rp': 25, 'ras': 33, 'rrd': 1, 'faw': 35, 'rfc': 417}",[[0.01945807 1.25725    0.01546881]]
1.1829953,"{'cas': 26, 'cwl': 31, 'rcd': 31, 'rp': 25, 'ras': 33, 'rrd': 1, 'faw': 35, 'rfc': 417}",[[0.01945807 1.25725    0.01546881]]
1.2070827,"{'cas': 24, 'cwl': 31, 'rcd': 31, 'rp': 31, 'ras': 63, 'rrd': 15, 'faw': 38, 'rfc': 630}",[[0.0196258  1.14342    0.01715563]]
1.2070827,"{'cas': 24, 'cwl': 31, 'rcd': 31, 'rp': 31, 'ras': 63, 'rrd': 15, 'faw': 38, 'rfc': 630}",[[0.0196258  1.14342    0.01715563]]
1.1531878,"{'cas': 23, 'cwl': 26, 'rcd': 23, 'rp': 15, 'ras': 33, 'rrd': 12, 'faw': 19, 'rfc': 593}",[[0.01854301 1.39517    0.01328385]]
1.1531878,"{'cas': 23, 'cwl': 26, 'rcd': 23, 'rp': 15, 'ras': 33, 'rrd': 12, 'faw': 19, 'rfc': 593}",[[0.01854301 1.39517    0.01328385]]
1.1212628,"{'cas': 2, 'cwl': 1, 'rcd': 2, 'rp': 0, 'ras': 3, 'rrd': 0, 'faw': 23, 'rfc': 271}",[[0.01804687 1.66779    0.01081484]]
1.1212628,"{'cas': 2, 'cwl': 1, 'rcd': 2, 'rp': 0, 'ras': 3, 'rrd': 0, 'faw': 23, 'rfc': 271}",[[0.01804687 1.66779    0.01081484]]
1.2070827,"{'cas': 31, 'cwl': 31, 'rcd': 31, 'rp': 31, 'ras': 63, 'rrd': 8, 'faw': 63, 'rfc': 630}",[[0.0196258  1.14342    0.01715563]]
1.2070827,"{'cas': 31, 'cwl': 31, 'rcd': 31, 'rp': 31, 'ras': 63, 'rrd': 8, 'faw': 63, 'rfc': 630}",[[0.0196258  1.14342    0.01715563]]
1.2070827,"{'cas': 17, 'cwl': 31, 'rcd': 31, 'rp': 31, 'ras': 63, 'rrd': 14, 'faw': 0, 'rfc': 622}",[[0.0196258  1.14342    0.01715563]]
1.2070827,"{'cas': 17, 'cwl': 31, 'rcd': 31, 'rp': 31, 'ras': 63, 'rrd': 14, 'faw': 0, 'rfc': 622}",[[0.0196258  1.14342    0.01715563]]
1.1706061,"{'cas': 27, 'cwl': 30, 'rcd': 30, 'rp': 11, 'ras': 63, 'rrd': 13, 'faw': 52, 'rfc': 358}",[[0.01854047 1.27149    0.01457417]]
1.1706061,"{'cas': 27, 'cwl': 30, 'rcd': 30, 'rp': 11, 'ras': 63, 'rrd': 13, 'faw': 52, 'rfc': 358}",[[0.01854047 1.27149    0.01457417]]
1.1326565,"{'cas': 25, 'cwl': 17, 'rcd': 7, 'rp': 8, 'ras': 30, 'rrd': 8, 'faw': 38, 'rfc': 454}",[[0.01793644 1.53063    0.01171198]]
1.1326565,"{'cas': 25, 'cwl': 17, 'rcd': 7, 'rp': 8, 'ras': 30, 'rrd': 8, 'faw': 38, 'rfc': 454}",[[0.01793644 1.53063    0.01171198]]
1.2070827,"{'cas': 31, 'cwl': 31, 'rcd': 31, 'rp': 31, 'ras': 63, 'rrd': 1, 'faw': 58, 'rfc': 210}",[[0.0196258  1.14342    0.01715563]]
1.2070827,"{'cas': 31, 'cwl': 31, 'rcd': 31, 'rp': 31, 'ras': 63, 'rrd': 1, 'faw': 58, 'rfc': 210}",[[0.0196258  1.14342    0.01715563]]
1.2070827,"{'cas': 0, 'cwl': 31, 'rcd': 31, 'rp': 31, 'ras': 63, 'rrd': 0, 'faw': 63, 'rfc': 304}",[[0.0196258  1.14342    0.01715563]]
1.2070827,"{'cas': 0, 'cwl': 31, 'rcd': 31, 'rp': 31, 'ras': 63, 'rrd': 0, 'faw': 63, 'rfc': 304}",[[0.0196258  1.14342    0.01715563]]
1.1431292,"{'cas': 14, 'cwl': 1, 'rcd': 8, 'rp': 29, 'ras': 29, 'rrd': 8, 'faw': 19, 'rfc': 292}",[[0.01828106 1.45927    0.01252082]]
1.1431292,"{'cas': 14, 'cwl': 1, 'rcd': 8, 'rp': 29, 'ras': 29, 'rrd': 8, 'faw': 19, 'rfc': 292}",[[0.01828106 1.45927    0.01252082]]
1.2070827,"{'cas': 0, 'cwl': 31, 'rcd': 31, 'rp': 31, 'ras': 63, 'rrd': 0, 'faw': 50, 'rfc': 418}",[[0.0196258  1.14342    0.01715563]]
1.2070827,"{'cas': 0, 'cwl': 31, 'rcd': 31, 'rp': 31, 'ras': 63, 'rrd': 0, 'faw': 50, 'rfc': 418}",[[0.0196258  1.14342    0.01715563]]
1.1464369,"{'cas': 13, 'cwl': 30, 'rcd': 16, 'rp': 14, 'ras': 31, 'rrd': 4, 'faw': 46, 'rfc': 260}",[[0.01836518 1.43703    0.01277322]]
1.1464369,"{'cas': 13, 'cwl': 30, 'rcd': 16, 'rp': 14, 'ras': 31, 'rrd': 4, 'faw': 46, 'rfc': 260}",[[0.01836518 1.43703    0.01277322]]
1.2070827,"{'cas': 0, 'cwl': 31, 'rcd': 31, 'rp': 31, 'ras': 63, 'rrd': 15, 'faw': 22, 'rfc': 210}",[[0.0196258  1.14342    0.01715563]]
1.2070827,"{'cas': 0, 'cwl': 31, 'rcd': 31, 'rp': 31, 'ras': 63, 'rrd': 15, 'faw': 22, 'rfc': 210}",[[0.0196258  1.14342    0.01715563]]
1.2070827,"{'cas': 23, 'cwl': 31, 'rcd': 31, 'rp': 31, 'ras': 63, 'rrd': 0, 'faw': 0, 'rfc': 210}",[[0.0196258  1.14342    0.01715563]]
1.2070827,"{'cas': 23, 'cwl': 31, 'rcd': 31, 'rp': 31, 'ras': 63, 'rrd': 0, 'faw': 0, 'rfc': 210}",[[0.0196258  1.14342    0.01715563]]
1.1450263,"{'cas': 24, 'cwl': 28, 'rcd': 0, 'rp': 28, 'ras': 2, 'rrd': 14, 'faw': 23, 'rfc': 470}",[[0.01883257 1.4861     0.01266577]]
1.1450263,"{'cas': 24, 'cwl': 28, 'rcd': 0, 'rp': 28, 'ras': 2, 'rrd': 14, 'faw': 23, 'rfc': 470}",[[0.01883257 1.4861     0.01266577]]
1.1696138,"{'cas': 3, 'cwl': 30, 'rcd': 0, 'rp': 31, 'ras': 47, 'rrd': 2, 'faw': 49, 'rfc': 511}",[[0.01879761 1.29557    0.0145017 ]]
1.1696138,"{'cas': 3, 'cwl': 30, 'rcd': 0, 'rp': 31, 'ras': 47, 'rrd': 2, 'faw': 49, 'rfc': 511}",[[0.01879761 1.29557    0.0145017 ]]
1.1423242,"{'cas': 11, 'cwl': 10, 'rcd': 16, 'rp': 18, 'ras': 26, 'rrd': 7, 'faw': 12, 'rfc': 342}",[[0.01832201 1.46978    0.01245918]]
1.1423242,"{'cas': 11, 'cwl': 10, 'rcd': 16, 'rp': 18, 'ras': 26, 'rrd': 7, 'faw': 12, 'rfc': 342}",[[0.01832201 1.46978    0.01245918]]
1.1587086,"{'cas': 18, 'cwl': 30, 'rcd': 18, 'rp': 23, 'ras': 21, 'rrd': 4, 'faw': 9, 'rfc': 345}",[[0.01893296 1.38155    0.01369702]]
1.1587086,"{'cas': 18, 'cwl': 30, 'rcd': 18, 'rp': 23, 'ras': 21, 'rrd': 4, 'faw': 9, 'rfc': 345}",[[0.01893296 1.38155    0.01369702]]
1.2070827,"{'cas': 28, 'cwl': 31, 'rcd': 31, 'rp': 31, 'ras': 63, 'rrd': 15, 'faw': 0, 'rfc': 210}",[[0.0196258  1.14342    0.01715563]]
1.2070827,"{'cas': 28, 'cwl': 31, 'rcd': 31, 'rp': 31, 'ras': 63, 'rrd': 15, 'faw': 0, 'rfc': 210}",[[0.0196258  1.14342    0.01715563]]
1.2070827,"{'cas': 31, 'cwl': 31, 'rcd': 31, 'rp': 31, 'ras': 63, 'rrd': 12, 'faw': 63, 'rfc': 210}",[[0.0196258  1.14342    0.01715563]]
1.2070827,"{'cas': 31, 'cwl': 31, 'rcd': 31, 'rp': 31, 'ras': 63, 'rrd': 12, 'faw': 63, 'rfc': 210}",[[0.0196258  1.14342    0.01715563]]
1.2070827,"{'cas': 31, 'cwl': 31, 'rcd': 31, 'rp': 31, 'ras': 63, 'rrd': 15, 'faw': 56, 'rfc': 210}",[[0.0196258  1.14342    0.01715563]]
1.2070827,"{'cas': 31, 'cwl': 31, 'rcd': 31, 'rp': 31, 'ras': 63, 'rrd': 15, 'faw': 56, 'rfc': 210}",[[0.0196258  1.14342    0.01715563]]
1.1441534,"{'cas': 27, 'cwl': 12, 'rcd': 9, 'rp': 25, 'ras': 1, 'rrd': 2, 'faw': 38, 'rfc': 214}",[[0.01882891 1.49367    0.01259912]]
1.1441534,"{'cas': 27, 'cwl': 12, 'rcd': 9, 'rp': 25, 'ras': 1, 'rrd': 2, 'faw': 38, 'rfc': 214}",[[0.01882891 1.49367    0.01259912]]
1.2070827,"{'cas': 0, 'cwl': 31, 'rcd': 31, 'rp': 31, 'ras': 63, 'rrd': 5, 'faw': 2, 'rfc': 210}",[[0.0196258  1.14342    0.01715563]]
1.2070827,"{'cas': 0, 'cwl': 31, 'rcd': 31, 'rp': 31, 'ras': 63, 'rrd': 5, 'faw': 2, 'rfc': 210}",[[0.0196258  1.14342    0.01715563]]
1.1601418,"{'cas': 1, 'cwl': 21, 'rcd': 25, 'rp': 19, 'ras': 25, 'rrd': 10, 'faw': 61, 'rfc': 498}",[[0.01890819 1.36908    0.01380364]]
1.1601418,"{'cas': 1, 'cwl': 21, 'rcd': 25, 'rp': 19, 'ras': 25, 'rrd': 10, 'faw': 61, 'rfc': 498}",[[0.01890819 1.36908    0.01380364]]
1.2070827,"{'cas': 0, 'cwl': 31, 'rcd': 31, 'rp': 31, 'ras': 63, 'rrd': 10, 'faw': 0, 'rfc': 210}",[[0.0196258  1.14342    0.01715563]]
1.2070827,"{'cas': 0, 'cwl': 31, 'rcd': 31, 'rp': 31, 'ras': 63, 'rrd': 10, 'faw': 0, 'rfc': 210}",[[0.0196258  1.14342    0.01715563]]
1.1834152,"{'cas': 10, 'cwl': 18, 'rcd': 25, 'rp': 29, 'ras': 53, 'rrd': 2, 'faw': 54, 'rfc': 383}",[[0.01910925 1.23232    0.0154988 ]]
1.1834152,"{'cas': 10, 'cwl': 18, 'rcd': 25, 'rp': 29, 'ras': 53, 'rrd': 2, 'faw': 54, 'rfc': 383}",[[0.01910925 1.23232    0.0154988 ]]
1.1496097,"{'cas': 7, 'cwl': 4, 'rcd': 8, 'rp': 29, 'ras': 36, 'rrd': 4, 'faw': 44, 'rfc': 592}",[[0.01836629 1.41053    0.01301396]]
1.1496097,"{'cas': 7, 'cwl': 4, 'rcd': 8, 'rp': 29, 'ras': 36, 'rrd': 4, 'faw': 44, 'rfc': 592}",[[0.01836629 1.41053    0.01301396]]
1.2070827,"{'cas': 31, 'cwl': 31, 'rcd': 31, 'rp': 31, 'ras': 63, 'rrd': 13, 'faw': 63, 'rfc': 546}",[[0.0196258  1.14342    0.01715563]]
1.2070827,"{'cas': 31, 'cwl': 31, 'rcd': 31, 'rp': 31, 'ras': 63, 'rrd': 13, 'faw': 63, 'rfc': 546}",[[0.0196258  1.14342    0.01715563]]
1.2070827,"{'cas': 27, 'cwl': 31, 'rcd': 31, 'rp': 31, 'ras': 63, 'rrd': 1, 'faw': 13, 'rfc': 287}",[[0.0196258  1.14342    0.01715563]]
1.2070827,"{'cas': 27, 'cwl': 31, 'rcd': 31, 'rp': 31, 'ras': 63, 'rrd': 1, 'faw': 13, 'rfc': 287}",[[0.0196258  1.14342    0.01715563]]
1.1425091,"{'cas': 8, 'cwl': 1, 'rcd': 28, 'rp': 7, 'ras': 37, 'rrd': 7, 'faw': 5, 'rfc': 627}",[[0.01813041 1.45276    0.01247334]]
1.1425091,"{'cas': 8, 'cwl': 1, 'rcd': 28, 'rp': 7, 'ras': 37, 'rrd': 7, 'faw': 5, 'rfc': 627}",[[0.01813041 1.45276    0.01247334]]
1.151882,"{'cas': 27, 'cwl': 17, 'rcd': 1, 'rp': 12, 'ras': 63, 'rrd': 12, 'faw': 60, 'rfc': 375}",[[0.01795341 1.36088    0.01318556]]
1.151882,"{'cas': 27, 'cwl': 17, 'rcd': 1, 'rp': 12, 'ras': 63, 'rrd': 12, 'faw': 60, 'rfc': 375}",[[0.01795341 1.36088    0.01318556]]
1.2070827,"{'cas': 31, 'cwl': 31, 'rcd': 31, 'rp': 31, 'ras': 63, 'rrd': 15, 'faw': 32, 'rfc': 210}",[[0.0196258  1.14342    0.01715563]]
1.2070827,"{'cas': 31, 'cwl': 31, 'rcd': 31, 'rp': 31, 'ras': 63, 'rrd': 15, 'faw': 32, 'rfc': 210}",[[0.0196258  1.14342    0.01715563]]
1.2070827,"{'cas': 31, 'cwl': 31, 'rcd': 31, 'rp': 31, 'ras': 63, 'rrd': 11, 'faw': 55, 'rfc': 574}",[[0.0196258  1.14342    0.01715563]]
1.2070827,"{'cas': 31, 'cwl': 31, 'rcd': 31, 'rp': 31, 'ras': 63, 'rrd': 11, 'faw': 55, 'rfc': 574}",[[0.0196258  1.14342    0.01715563]]
1.1367751,"{'cas': 5, 'cwl': 8, 'rcd': 12, 'rp': 15, 'ras': 19, 'rrd': 1, 'faw': 55, 'rfc': 512}",[[0.01827039 1.51768    0.01203185]]
1.1367751,"{'cas': 5, 'cwl': 8, 'rcd': 12, 'rp': 15, 'ras': 19, 'rrd': 1, 'faw': 55, 'rfc': 512}",[[0.01827039 1.51768    0.01203185]]
1.1266189,"{'cas': 29, 'cwl': 8, 'rcd': 3, 'rp': 6, 'ras': 49, 'rrd': 13, 'faw': 5, 'rfc': 531}",[[0.01738906 1.54638    0.01123884]]
1.1266189,"{'cas': 29, 'cwl': 8, 'rcd': 3, 'rp': 6, 'ras': 49, 'rrd': 13, 'faw': 5, 'rfc': 531}",[[0.01738906 1.54638    0.01123884]]
1.2070827,"{'cas': 1, 'cwl': 31, 'rcd': 31, 'rp': 31, 'ras': 63, 'rrd': 7, 'faw': 62, 'rfc': 583}",[[0.0196258  1.14342    0.01715563]]
1.2070827,"{'cas': 1, 'cwl': 31, 'rcd': 31, 'rp': 31, 'ras': 63, 'rrd': 7, 'faw': 62, 'rfc': 583}",[[0.0196258  1.14342    0.01715563]]
1.1292259,"{'cas': 27, 'cwl': 1, 'rcd': 2, 'rp': 10, 'ras': 49, 'rrd': 3, 'faw': 9, 'rfc': 583}",[[0.01747455 1.52616    0.01144375]]
1.1292259,"{'cas': 27, 'cwl': 1, 'rcd': 2, 'rp': 10, 'ras': 49, 'rrd': 3, 'faw': 9, 'rfc': 583}",[[0.01747455 1.52616    0.01144375]]
1.1387484,"{'cas': 26, 'cwl': 30, 'rcd': 6, 'rp': 12, 'ras': 24, 'rrd': 1, 'faw': 55, 'rfc': 431}",[[0.01824453 1.49658    0.01218429]]
1.1387484,"{'cas': 26, 'cwl': 30, 'rcd': 6, 'rp': 12, 'ras': 24, 'rrd': 1, 'faw': 55, 'rfc': 431}",[[0.01824453 1.49658    0.01218429]]
1.1333516,"{'cas': 8, 'cwl': 28, 'rcd': 2, 'rp': 7, 'ras': 16, 'rrd': 12, 'faw': 44, 'rfc': 446}",[[0.01821323 1.5471     0.01176613]]
1.1333516,"{'cas': 8, 'cwl': 28, 'rcd': 2, 'rp': 7, 'ras': 16, 'rrd': 12, 'faw': 44, 'rfc': 446}",[[0.01821323 1.5471     0.01176613]]
1.1665678,"{'cas': 22, 'cwl': 9, 'rcd': 30, 'rp': 21, 'ras': 19, 'rrd': 2, 'faw': 32, 'rfc': 241}",[[0.01921734 1.3452     0.01427845]]
1.1665678,"{'cas': 22, 'cwl': 9, 'rcd': 30, 'rp': 21, 'ras': 19, 'rrd': 2, 'faw': 32, 'rfc': 241}",[[0.01921734 1.3452     0.01427845]]
1.1433251,"{'cas': 2, 'cwl': 28, 'rcd': 21, 'rp': 6, 'ras': 3, 'rrd': 7, 'faw': 21, 'rfc': 349}",[[0.01878031 1.49733    0.01253582]]
1.1433251,"{'cas': 2, 'cwl': 28, 'rcd': 21, 'rp': 6, 'ras': 3, 'rrd': 7, 'faw': 21, 'rfc': 349}",[[0.01878031 1.49733    0.01253582]]
1.2070827,"{'cas': 31, 'cwl': 31, 'rcd': 31, 'rp': 31, 'ras': 63, 'rrd': 6, 'faw': 0, 'rfc': 267}",[[0.0196258  1.14342    0.01715563]]
1.2070827,"{'cas': 31, 'cwl': 31, 'rcd': 31, 'rp': 31, 'ras': 63, 'rrd': 6, 'faw': 0, 'rfc': 267}",[[0.0196258  1.14342    0.01715563]]
1.2070827,"{'cas': 31, 'cwl': 31, 'rcd': 31, 'rp': 31, 'ras': 63, 'rrd': 15, 'faw': 44, 'rfc': 217}",[[0.0196258  1.14342    0.01715563]]
1.2070827,"{'cas': 31, 'cwl': 31, 'rcd': 31, 'rp': 31, 'ras': 63, 'rrd': 15, 'faw': 44, 'rfc': 217}",[[0.0196258  1.14342    0.01715563]]
1.1340796,"{'cas': 7, 'cwl': 3, 'rcd': 8, 'rp': 18, 'ras': 31, 'rrd': 3, 'faw': 11, 'rfc': 374}",[[0.01796203 1.51845    0.01182277]]
1.1340796,"{'cas': 7, 'cwl': 3, 'rcd': 8, 'rp': 18, 'ras': 31, 'rrd': 3, 'faw': 11, 'rfc': 374}",[[0.01796203 1.51845    0.01182277]]
1.1330093,"{'cas': 10, 'cwl': 4, 'rcd': 20, 'rp': 2, 'ras': 34, 'rrd': 14, 'faw': 57, 'rfc': 514}",[[0.01787662 1.52195    0.01173947]]
1.1330093,"{'cas': 10, 'cwl': 4, 'rcd': 20, 'rp': 2, 'ras': 34, 'rrd': 14, 'faw': 57, 'rfc': 514}",[[0.01787662 1.52195    0.01173947]]
1.2070827,"{'cas': 0, 'cwl': 31, 'rcd': 31, 'rp': 31, 'ras': 63, 'rrd': 5, 'faw': 63, 'rfc': 377}",[[0.0196258  1.14342    0.01715563]]
1.2070827,"{'cas': 0, 'cwl': 31, 'rcd': 31, 'rp': 31, 'ras': 63, 'rrd': 5, 'faw': 63, 'rfc': 377}",[[0.0196258  1.14342    0.01715563]]
1.1766181,"{'cas': 7, 'cwl': 0, 'rcd': 30, 'rp': 28, 'ras': 50, 'rrd': 1, 'faw': 21, 'rfc': 540}",[[0.01894481 1.26145    0.01501066]]
1.1766181,"{'cas': 7, 'cwl': 0, 'rcd': 30, 'rp': 28, 'ras': 50, 'rrd': 1, 'faw': 21, 'rfc': 540}",[[0.01894481 1.26145    0.01501066]]
1.1509544,"{'cas': 8, 'cwl': 14, 'rcd': 2, 'rp': 30, 'ras': 36, 'rrd': 13, 'faw': 27, 'rfc': 540}",[[0.01841323 1.40318    0.01311558]]
1.1509544,"{'cas': 8, 'cwl': 14, 'rcd': 2, 'rp': 30, 'ras': 36, 'rrd': 13, 'faw': 27, 'rfc': 540}",[[0.01841323 1.40318    0.01311558]]
1.2070827,"{'cas': 0, 'cwl': 31, 'rcd': 31, 'rp': 31, 'ras': 63, 'rrd': 0, 'faw': 63, 'rfc': 331}",[[0.0196258  1.14342    0.01715563]]
1.2070827,"{'cas': 0, 'cwl': 31, 'rcd': 31, 'rp': 31, 'ras': 63, 'rrd': 0, 'faw': 63, 'rfc': 331}",[[0.0196258  1.14342    0.01715563]]
1.2070827,"{'cas': 0, 'cwl': 31, 'rcd': 31, 'rp': 31, 'ras': 63, 'rrd': 4, 'faw': 63, 'rfc': 210}",[[0.0196258  1.14342    0.01715563]]
1.2070827,"{'cas': 0, 'cwl': 31, 'rcd': 31, 'rp': 31, 'ras': 63, 'rrd': 4, 'faw': 63, 'rfc': 210}",[[0.0196258  1.14342    0.01715563]]
1.138716,"{'cas': 9, 'cwl': 23, 'rcd': 14, 'rp': 8, 'ras': 33, 'rrd': 14, 'faw': 3, 'rfc': 327}",[[0.01808026 1.48341    0.01218179]]
1.138716,"{'cas': 9, 'cwl': 23, 'rcd': 14, 'rp': 8, 'ras': 33, 'rrd': 14, 'faw': 3, 'rfc': 327}",[[0.01808026 1.48341    0.01218179]]
1.2070827,"{'cas': 3, 'cwl': 31, 'rcd': 31, 'rp': 31, 'ras': 63, 'rrd': 7, 'faw': 23, 'rfc': 227}",[[0.0196258  1.14342    0.01715563]]
1.2070827,"{'cas': 3, 'cwl': 31, 'rcd': 31, 'rp': 31, 'ras': 63, 'rrd': 7, 'faw': 23, 'rfc': 227}",[[0.0196258  1.14342    0.01715563]]
1.1493236,"{'cas': 24, 'cwl': 17, 'rcd': 8, 'rp': 30, 'ras': 11, 'rrd': 2, 'faw': 12, 'rfc': 361}",[[0.01880214 1.44641    0.0129923 ]]
1.1493236,"{'cas': 24, 'cwl': 17, 'rcd': 8, 'rp': 30, 'ras': 11, 'rrd': 2, 'faw': 12, 'rfc': 361}",[[0.01880214 1.44641    0.0129923 ]]
1.2070827,"{'cas': 31, 'cwl': 31, 'rcd': 31, 'rp': 31, 'ras': 63, 'rrd': 9, 'faw': 63, 'rfc': 630}",[[0.0196258  1.14342    0.01715563]]
1.2070827,"{'cas': 31, 'cwl': 31, 'rcd': 31, 'rp': 31, 'ras': 63, 'rrd': 9, 'faw': 63, 'rfc': 630}",[[0.0196258  1.14342    0.01715563]]
1.2070827,"{'cas': 20, 'cwl': 31, 'rcd': 31, 'rp': 31, 'ras': 63, 'rrd': 15, 'faw': 2, 'rfc': 627}",[[0.0196258  1.14342    0.01715563]]
1.2070827,"{'cas': 20, 'cwl': 31, 'rcd': 31, 'rp': 31, 'ras': 63, 'rrd': 15, 'faw': 2, 'rfc': 627}",[[0.0196258  1.14342    0.01715563]]
1.2070827,"{'cas': 31, 'cwl': 31, 'rcd': 31, 'rp': 31, 'ras': 63, 'rrd': 11, 'faw': 63, 'rfc': 630}",[[0.0196258  1.14342    0.01715563]]
1.2070827,"{'cas': 31, 'cwl': 31, 'rcd': 31, 'rp': 31, 'ras': 63, 'rrd': 11, 'faw': 63, 'rfc': 630}",[[0.0196258  1.14342    0.01715563]]
1.1404144,"{'cas': 1, 'cwl': 9, 'rcd': 2, 'rp': 17, 'ras': 47, 'rrd': 4, 'faw': 61, 'rfc': 457}",[[0.01787642 1.45111    0.01231257]]
1.1404144,"{'cas': 1, 'cwl': 9, 'rcd': 2, 'rp': 17, 'ras': 47, 'rrd': 4, 'faw': 61, 'rfc': 457}",[[0.01787642 1.45111    0.01231257]]
1.2070827,"{'cas': 0, 'cwl': 31, 'rcd': 31, 'rp': 31, 'ras': 63, 'rrd': 10, 'faw': 56, 'rfc': 548}",[[0.0196258  1.14342    0.01715563]]
1.2070827,"{'cas': 0, 'cwl': 31, 'rcd': 31, 'rp': 31, 'ras': 63, 'rrd': 10, 'faw': 56, 'rfc': 548}",[[0.0196258  1.14342    0.01715563]]
1.2070827,"{'cas': 31, 'cwl': 31, 'rcd': 31, 'rp': 31, 'ras': 63, 'rrd': 15, 'faw': 0, 'rfc': 573}",[[0.0196258  1.14342    0.01715563]]
1.2070827,"{'cas': 31, 'cwl': 31, 'rcd': 31, 'rp': 31, 'ras': 63, 'rrd': 15, 'faw': 0, 'rfc': 573}",[[0.0196258  1.14342    0.01715563]]
1.2070827,"{'cas': 0, 'cwl': 31, 'rcd': 31, 'rp': 31, 'ras': 63, 'rrd': 10, 'faw': 0, 'rfc': 569}",[[0.0196258  1.14342    0.01715563]]
1.2070827,"{'cas': 0, 'cwl': 31, 'rcd': 31, 'rp': 31, 'ras': 63, 'rrd': 10, 'faw': 0, 'rfc': 569}",[[0.0196258  1.14342    0.01715563]]
1.2070827,"{'cas': 31, 'cwl': 31, 'rcd': 31, 'rp': 31, 'ras': 63, 'rrd': 15, 'faw': 43, 'rfc': 494}",[[0.0196258  1.14342    0.01715563]]
1.2070827,"{'cas': 31, 'cwl': 31, 'rcd': 31, 'rp': 31, 'ras': 63, 'rrd': 15, 'faw': 43, 'rfc': 494}",[[0.0196258  1.14342    0.01715563]]
1.2070827,"{'cas': 31, 'cwl': 31, 'rcd': 31, 'rp': 31, 'ras': 63, 'rrd': 0, 'faw': 48, 'rfc': 630}",[[0.0196258  1.14342    0.01715563]]
1.2070827,"{'cas': 31, 'cwl': 31, 'rcd': 31, 'rp': 31, 'ras': 63, 'rrd': 0, 'faw': 48, 'rfc': 630}",[[0.0196258  1.14342    0.01715563]]
1.2070827,"{'cas': 0, 'cwl': 31, 'rcd': 31, 'rp': 31, 'ras': 63, 'rrd': 1, 'faw': 0, 'rfc': 210}",[[0.0196258  1.14342    0.01715563]]
1.2070827,"{'cas': 0, 'cwl': 31, 'rcd': 31, 'rp': 31, 'ras': 63, 'rrd': 1, 'faw': 0, 'rfc': 210}",[[0.0196258  1.14342    0.01715563]]
1.2070827,"{'cas': 3, 'cwl': 31, 'rcd': 31, 'rp': 31, 'ras': 63, 'rrd': 4, 'faw': 10, 'rfc': 601}",[[0.0196258  1.14342    0.01715563]]
1.2070827,"{'cas': 3, 'cwl': 31, 'rcd': 31, 'rp': 31, 'ras': 63, 'rrd': 4, 'faw': 10, 'rfc': 601}",[[0.0196258  1.14342    0.01715563]]
1.2070827,"{'cas': 31, 'cwl': 31, 'rcd': 31, 'rp': 31, 'ras': 63, 'rrd': 12, 'faw': 0, 'rfc': 630}",[[0.0196258  1.14342    0.01715563]]
1.2070827,"{'cas': 31, 'cwl': 31, 'rcd': 31, 'rp': 31, 'ras': 63, 'rrd': 12, 'faw': 0, 'rfc': 630}",[[0.0196258  1.14342    0.01715563]]
1.2070827,"{'cas': 0, 'cwl': 31, 'rcd': 31, 'rp': 31, 'ras': 63, 'rrd': 6, 'faw': 20, 'rfc': 630}",[[0.0196258  1.14342    0.01715563]]
1.2070827,"{'cas': 0, 'cwl': 31, 'rcd': 31, 'rp': 31, 'ras': 63, 'rrd': 6, 'faw': 20, 'rfc': 630}",[[0.0196258  1.14342    0.01715563]]
1.2070827,"{'cas': 0, 'cwl': 31, 'rcd': 31, 'rp': 31, 'ras': 63, 'rrd': 3, 'faw': 57, 'rfc': 290}",[[0.0196258  1.14342    0.01715563]]
1.2070827,"{'cas': 0, 'cwl': 31, 'rcd': 31, 'rp': 31, 'ras': 63, 'rrd': 3, 'faw': 57, 'rfc': 290}",[[0.0196258  1.14342    0.01715563]]
1.1403818,"{'cas': 15, 'cwl': 15, 'rcd': 25, 'rp': 4, 'ras': 30, 'rrd': 0, 'faw': 39, 'rfc': 290}",[[0.01819056 1.47691    0.01231007]]
1.1403818,"{'cas': 15, 'cwl': 15, 'rcd': 25, 'rp': 4, 'ras': 30, 'rrd': 0, 'faw': 39, 'rfc': 290}",[[0.01819056 1.47691    0.01231007]]
1.2070827,"{'cas': 31, 'cwl': 31, 'rcd': 31, 'rp': 31, 'ras': 63, 'rrd': 0, 'faw': 0, 'rfc': 358}",[[0.0196258  1.14342    0.01715563]]
1.2070827,"{'cas': 31, 'cwl': 31, 'rcd': 31, 'rp': 31, 'ras': 63, 'rrd': 0, 'faw': 0, 'rfc': 358}",[[0.0196258  1.14342    0.01715563]]
1.2070827,"{'cas': 0, 'cwl': 31, 'rcd': 31, 'rp': 31, 'ras': 63, 'rrd': 15, 'faw': 63, 'rfc': 423}",[[0.0196258  1.14342    0.01715563]]
1.2070827,"{'cas': 0, 'cwl': 31, 'rcd': 31, 'rp': 31, 'ras': 63, 'rrd': 15, 'faw': 63, 'rfc': 423}",[[0.0196258  1.14342    0.01715563]]
1.2070827,"{'cas': 14, 'cwl': 31, 'rcd': 31, 'rp': 31, 'ras': 63, 'rrd': 0, 'faw': 63, 'rfc': 316}",[[0.0196258  1.14342    0.01715563]]
1.2070827,"{'cas': 14, 'cwl': 31, 'rcd': 31, 'rp': 31, 'ras': 63, 'rrd': 0, 'faw': 63, 'rfc': 316}",[[0.0196258  1.14342    0.01715563]]
1.2070827,"{'cas': 18, 'cwl': 31, 'rcd': 31, 'rp': 31, 'ras': 63, 'rrd': 0, 'faw': 47, 'rfc': 210}",[[0.0196258  1.14342    0.01715563]]
1.2070827,"{'cas': 18, 'cwl': 31, 'rcd': 31, 'rp': 31, 'ras': 63, 'rrd': 0, 'faw': 47, 'rfc': 210}",[[0.0196258  1.14342    0.01715563]]
1.2070827,"{'cas': 0, 'cwl': 31, 'rcd': 31, 'rp': 31, 'ras': 63, 'rrd': 15, 'faw': 0, 'rfc': 333}",[[0.0196258  1.14342    0.01715563]]
1.2070827,"{'cas': 0, 'cwl': 31, 'rcd': 31, 'rp': 31, 'ras': 63, 'rrd': 15, 'faw': 0, 'rfc': 333}",[[0.0196258  1.14342    0.01715563]]
1.1649377,"{'cas': 27, 'cwl': 24, 'rcd': 24, 'rp': 23, 'ras': 42, 'rrd': 13, 'faw': 60, 'rfc': 220}",[[0.01874318 1.32313    0.0141585 ]]
1.1649377,"{'cas': 27, 'cwl': 24, 'rcd': 24, 'rp': 23, 'ras': 42, 'rrd': 13, 'faw': 60, 'rfc': 220}",[[0.01874318 1.32313    0.0141585 ]]
1.2070827,"{'cas': 31, 'cwl': 31, 'rcd': 31, 'rp': 31, 'ras': 63, 'rrd': 0, 'faw': 9, 'rfc': 630}",[[0.0196258  1.14342    0.01715563]]
1.2070827,"{'cas': 31, 'cwl': 31, 'rcd': 31, 'rp': 31, 'ras': 63, 'rrd': 0, 'faw': 9, 'rfc': 630}",[[0.0196258  1.14342    0.01715563]]
1.2070827,"{'cas': 14, 'cwl': 31, 'rcd': 31, 'rp': 31, 'ras': 63, 'rrd': 0, 'faw': 46, 'rfc': 210}",[[0.0196258  1.14342    0.01715563]]
1.2070827,"{'cas': 14, 'cwl': 31, 'rcd': 31, 'rp': 31, 'ras': 63, 'rrd': 0, 'faw': 46, 'rfc': 210}",[[0.0196258  1.14342    0.01715563]]
1.2070827,"{'cas': 16, 'cwl': 31, 'rcd': 31, 'rp': 31, 'ras': 63, 'rrd': 0, 'faw': 0, 'rfc': 335}",[[0.0196258  1.14342    0.01715563]]
1.2070827,"{'cas': 16, 'cwl': 31, 'rcd': 31, 'rp': 31, 'ras': 63, 'rrd': 0, 'faw': 0, 'rfc': 335}",[[0.0196258  1.14342    0.01715563]]
1.2070827,"{'cas': 31, 'cwl': 31, 'rcd': 31, 'rp': 31, 'ras': 63, 'rrd': 1, 'faw': 24, 'rfc': 630}",[[0.0196258  1.14342    0.01715563]]
1.2070827,"{'cas': 31, 'cwl': 31, 'rcd': 31, 'rp': 31, 'ras': 63, 'rrd': 1, 'faw': 24, 'rfc': 630}",[[0.0196258  1.14342    0.01715563]]
1.2070827,"{'cas': 11, 'cwl': 31, 'rcd': 31, 'rp': 31, 'ras': 63, 'rrd': 0, 'faw': 63, 'rfc': 630}",[[0.0196258  1.14342    0.01715563]]
1.2070827,"{'cas': 11, 'cwl': 31, 'rcd': 31, 'rp': 31, 'ras': 63, 'rrd': 0, 'faw': 63, 'rfc': 630}",[[0.0196258  1.14342    0.01715563]]
1.2070827,"{'cas': 0, 'cwl': 31, 'rcd': 31, 'rp': 31, 'ras': 63, 'rrd': 15, 'faw': 28, 'rfc': 210}",[[0.0196258  1.14342    0.01715563]]
1.2070827,"{'cas': 0, 'cwl': 31, 'rcd': 31, 'rp': 31, 'ras': 63, 'rrd': 15, 'faw': 28, 'rfc': 210}",[[0.0196258  1.14342    0.01715563]]
1.2070827,"{'cas': 1, 'cwl': 31, 'rcd': 31, 'rp': 31, 'ras': 63, 'rrd': 1, 'faw': 20, 'rfc': 602}",[[0.0196258  1.14342    0.01715563]]
1.2070827,"{'cas': 1, 'cwl': 31, 'rcd': 31, 'rp': 31, 'ras': 63, 'rrd': 1, 'faw': 20, 'rfc': 602}",[[0.0196258  1.14342    0.01715563]]
1.2070827,"{'cas': 0, 'cwl': 31, 'rcd': 31, 'rp': 31, 'ras': 63, 'rrd': 5, 'faw': 63, 'rfc': 630}",[[0.0196258  1.14342    0.01715563]]
1.2070827,"{'cas': 0, 'cwl': 31, 'rcd': 31, 'rp': 31, 'ras': 63, 'rrd': 5, 'faw': 63, 'rfc': 630}",[[0.0196258  1.14342    0.01715563]]
1.2070827,"{'cas': 26, 'cwl': 31, 'rcd': 31, 'rp': 31, 'ras': 63, 'rrd': 15, 'faw': 0, 'rfc': 630}",[[0.0196258  1.14342    0.01715563]]
1.2070827,"{'cas': 26, 'cwl': 31, 'rcd': 31, 'rp': 31, 'ras': 63, 'rrd': 15, 'faw': 0, 'rfc': 630}",[[0.0196258  1.14342    0.01715563]]
1.2070827,"{'cas': 12, 'cwl': 31, 'rcd': 31, 'rp': 31, 'ras': 63, 'rrd': 15, 'faw': 63, 'rfc': 210}",[[0.0196258  1.14342    0.01715563]]
1.2070827,"{'cas': 12, 'cwl': 31, 'rcd': 31, 'rp': 31, 'ras': 63, 'rrd': 15, 'faw': 63, 'rfc': 210}",[[0.0196258  1.14342    0.01715563]]
1.1588092,"{'cas': 12, 'cwl': 1, 'rcd': 10, 'rp': 18, 'ras': 61, 'rrd': 5, 'faw': 35, 'rfc': 453}",[[0.01820799 1.32792    0.01370452]]
1.1588092,"{'cas': 12, 'cwl': 1, 'rcd': 10, 'rp': 18, 'ras': 61, 'rrd': 5, 'faw': 35, 'rfc': 453}",[[0.01820799 1.32792    0.01370452]]
1.1668967,"{'cas': 18, 'cwl': 23, 'rcd': 6, 'rp': 19, 'ras': 62, 'rrd': 6, 'faw': 13, 'rfc': 235}",[[0.01844184 1.28874    0.01430261]]
1.1668967,"{'cas': 18, 'cwl': 23, 'rcd': 6, 'rp': 19, 'ras': 62, 'rrd': 6, 'faw': 13, 'rfc': 235}",[[0.01844184 1.28874    0.01430261]]
1.2070827,"{'cas': 0, 'cwl': 31, 'rcd': 31, 'rp': 31, 'ras': 63, 'rrd': 15, 'faw': 13, 'rfc': 630}",[[0.0196258  1.14342    0.01715563]]
1.2070827,"{'cas': 0, 'cwl': 31, 'rcd': 31, 'rp': 31, 'ras': 63, 'rrd': 15, 'faw': 13, 'rfc': 630}",[[0.0196258  1.14342    0.01715563]]
1.2070827,"{'cas': 31, 'cwl': 31, 'rcd': 31, 'rp': 31, 'ras': 63, 'rrd': 0, 'faw': 4, 'rfc': 630}",[[0.0196258  1.14342    0.01715563]]
1.2070827,"{'cas': 31, 'cwl': 31, 'rcd': 31, 'rp': 31, 'ras': 63, 'rrd': 0, 'faw': 4, 'rfc': 630}",[[0.0196258  1.14342    0.01715563]]
1.2070827,"{'cas': 31, 'cwl': 31, 'rcd': 31, 'rp': 31, 'ras': 63, 'rrd': 15, 'faw': 28, 'rfc': 630}",[[0.0196258  1.14342    0.01715563]]
1.2070827,"{'cas': 31, 'cwl': 31, 'rcd': 31, 'rp': 31, 'ras': 63, 'rrd': 15, 'faw': 28, 'rfc': 630}",[[0.0196258  1.14342    0.01715563]]
1.1544409,"{'cas': 25, 'cwl': 31, 'rcd': 26, 'rp': 12, 'ras': 13, 'rrd': 6, 'faw': 36, 'rfc': 429}",[[0.01895086 1.41583    0.01337798]]
1.1544409,"{'cas': 25, 'cwl': 31, 'rcd': 26, 'rp': 12, 'ras': 13, 'rrd': 6, 'faw': 36, 'rfc': 429}",[[0.01895086 1.41583    0.01337798]]
1.2070827,"{'cas': 14, 'cwl': 31, 'rcd': 31, 'rp': 31, 'ras': 63, 'rrd': 0, 'faw': 0, 'rfc': 630}",[[0.0196258  1.14342    0.01715563]]
1.2070827,"{'cas': 14, 'cwl': 31, 'rcd': 31, 'rp': 31, 'ras': 63, 'rrd': 0, 'faw': 0, 'rfc': 630}",[[0.0196258  1.14342    0.01715563]]
1.1431292,"{'cas': 3, 'cwl': 19, 'rcd': 4, 'rp': 27, 'ras': 24, 'rrd': 2, 'faw': 44, 'rfc': 231}",[[0.01837349 1.46665    0.01252082]]
1.1431292,"{'cas': 3, 'cwl': 19, 'rcd': 4, 'rp': 27, 'ras': 24, 'rrd': 2, 'faw': 44, 'rfc': 231}",[[0.01837349 1.46665    0.01252082]]
1.2070827,"{'cas': 8, 'cwl': 31, 'rcd': 31, 'rp': 31, 'ras': 63, 'rrd': 15, 'faw': 63, 'rfc': 323}",[[0.0196258  1.14342    0.01715563]]
1.2070827,"{'cas': 8, 'cwl': 31, 'rcd': 31, 'rp': 31, 'ras': 63, 'rrd': 15, 'faw': 63, 'rfc': 323}",[[0.0196258  1.14342    0.01715563]]
1.2070827,"{'cas': 0, 'cwl': 31, 'rcd': 31, 'rp': 31, 'ras': 63, 'rrd': 15, 'faw': 52, 'rfc': 630}",[[0.0196258  1.14342    0.01715563]]
1.2070827,"{'cas': 0, 'cwl': 31, 'rcd': 31, 'rp': 31, 'ras': 63, 'rrd': 15, 'faw': 52, 'rfc': 630}",[[0.0196258  1.14342    0.01715563]]
1.2070827,"{'cas': 18, 'cwl': 31, 'rcd': 31, 'rp': 31, 'ras': 63, 'rrd': 15, 'faw': 39, 'rfc': 327}",[[0.0196258  1.14342    0.01715563]]
1.2070827,"{'cas': 18, 'cwl': 31, 'rcd': 31, 'rp': 31, 'ras': 63, 'rrd': 15, 'faw': 39, 'rfc': 327}",[[0.0196258  1.14342    0.01715563]]
1.2070827,"{'cas': 18, 'cwl': 31, 'rcd': 31, 'rp': 31, 'ras': 63, 'rrd': 0, 'faw': 51, 'rfc': 444}",[[0.0196258  1.14342    0.01715563]]
1.2070827,"{'cas': 18, 'cwl': 31, 'rcd': 31, 'rp': 31, 'ras': 63, 'rrd': 0, 'faw': 51, 'rfc': 444}",[[0.0196258  1.14342    0.01715563]]
1.1359898,"{'cas': 23, 'cwl': 25, 'rcd': 15, 'rp': 0, 'ras': 0, 'rrd': 3, 'faw': 38, 'rfc': 340}",[[0.01859793 1.55274    0.01197104]]
1.1359898,"{'cas': 23, 'cwl': 25, 'rcd': 15, 'rp': 0, 'ras': 0, 'rrd': 3, 'faw': 38, 'rfc': 340}",[[0.01859793 1.55274    0.01197104]]
1.2070827,"{'cas': 15, 'cwl': 31, 'rcd': 31, 'rp': 31, 'ras': 63, 'rrd': 15, 'faw': 63, 'rfc': 348}",[[0.0196258  1.14342    0.01715563]]
1.2070827,"{'cas': 15, 'cwl': 31, 'rcd': 31, 'rp': 31, 'ras': 63, 'rrd': 15, 'faw': 63, 'rfc': 348}",[[0.0196258  1.14342    0.01715563]]
1.2070827,"{'cas': 0, 'cwl': 31, 'rcd': 31, 'rp': 31, 'ras': 63, 'rrd': 15, 'faw': 63, 'rfc': 422}",[[0.0196258  1.14342    0.01715563]]
1.2070827,"{'cas': 0, 'cwl': 31, 'rcd': 31, 'rp': 31, 'ras': 63, 'rrd': 15, 'faw': 63, 'rfc': 422}",[[0.0196258  1.14342    0.01715563]]
1.2070827,"{'cas': 13, 'cwl': 31, 'rcd': 31, 'rp': 31, 'ras': 63, 'rrd': 15, 'faw': 0, 'rfc': 254}",[[0.0196258  1.14342    0.01715563]]
1.2070827,"{'cas': 13, 'cwl': 31, 'rcd': 31, 'rp': 31, 'ras': 63, 'rrd': 15, 'faw': 0, 'rfc': 254}",[[0.0196258  1.14342    0.01715563]]
1.2070827,"{'cas': 28, 'cwl': 31, 'rcd': 31, 'rp': 31, 'ras': 63, 'rrd': 13, 'faw': 31, 'rfc': 210}",[[0.0196258  1.14342    0.01715563]]
1.2070827,"{'cas': 28, 'cwl': 31, 'rcd': 31, 'rp': 31, 'ras': 63, 'rrd': 13, 'faw': 31, 'rfc': 210}",[[0.0196258  1.14342    0.01715563]]
1.1242554,"{'cas': 20, 'cwl': 10, 'rcd': 4, 'rp': 1, 'ras': 51, 'rrd': 4, 'faw': 47, 'rfc': 551}",[[0.01727484 1.56216    0.01105224]]
1.1242554,"{'cas': 20, 'cwl': 10, 'rcd': 4, 'rp': 1, 'ras': 51, 'rrd': 4, 'faw': 47, 'rfc': 551}",[[0.01727484 1.56216    0.01105224]]
1.2070827,"{'cas': 31, 'cwl': 31, 'rcd': 31, 'rp': 31, 'ras': 63, 'rrd': 1, 'faw': 63, 'rfc': 244}",[[0.0196258  1.14342    0.01715563]]
1.2070827,"{'cas': 31, 'cwl': 31, 'rcd': 31, 'rp': 31, 'ras': 63, 'rrd': 1, 'faw': 63, 'rfc': 244}",[[0.0196258  1.14342    0.01715563]]
1.2070827,"{'cas': 12, 'cwl': 31, 'rcd': 31, 'rp': 31, 'ras': 63, 'rrd': 0, 'faw': 0, 'rfc': 630}",[[0.0196258  1.14342    0.01715563]]
1.2070827,"{'cas': 12, 'cwl': 31, 'rcd': 31, 'rp': 31, 'ras': 63, 'rrd': 0, 'faw': 0, 'rfc': 630}",[[0.0196258  1.14342    0.01715563]]
1.2070827,"{'cas': 14, 'cwl': 31, 'rcd': 31, 'rp': 31, 'ras': 63, 'rrd': 0, 'faw': 63, 'rfc': 630}",[[0.0196258  1.14342    0.01715563]]
1.2070827,"{'cas': 14, 'cwl': 31, 'rcd': 31, 'rp': 31, 'ras': 63, 'rrd': 0, 'faw': 63, 'rfc': 630}",[[0.0196258  1.14342    0.01715563]]
1.2070827,"{'cas': 0, 'cwl': 31, 'rcd': 31, 'rp': 31, 'ras': 63, 'rrd': 15, 'faw': 60, 'rfc': 630}",[[0.0196258  1.14342    0.01715563]]
1.2070827,"{'cas': 0, 'cwl': 31, 'rcd': 31, 'rp': 31, 'ras': 63, 'rrd': 15, 'faw': 60, 'rfc': 630}",[[0.0196258  1.14342    0.01715563]]
1.2070827,"{'cas': 16, 'cwl': 31, 'rcd': 31, 'rp': 31, 'ras': 63, 'rrd': 0, 'faw': 63, 'rfc': 210}",[[0.0196258  1.14342    0.01715563]]
1.2070827,"{'cas': 16, 'cwl': 31, 'rcd': 31, 'rp': 31, 'ras': 63, 'rrd': 0, 'faw': 63, 'rfc': 210}",[[0.0196258  1.14342    0.01715563]]
1.1976416,"{'cas': 4, 'cwl': 31, 'rcd': 23, 'rp': 31, 'ras': 60, 'rrd': 7, 'faw': 20, 'rfc': 233}",[[0.01940482 1.17528    0.01650256]]
1.1976416,"{'cas': 4, 'cwl': 31, 'rcd': 23, 'rp': 31, 'ras': 60, 'rrd': 7, 'faw': 20, 'rfc': 233}",[[0.01940482 1.17528    0.01650256]]
1.2070827,"{'cas': 13, 'cwl': 31, 'rcd': 31, 'rp': 31, 'ras': 63, 'rrd': 12, 'faw': 0, 'rfc': 210}",[[0.0196258  1.14342    0.01715563]]
1.2070827,"{'cas': 13, 'cwl': 31, 'rcd': 31, 'rp': 31, 'ras': 63, 'rrd': 12, 'faw': 0, 'rfc': 210}",[[0.0196258  1.14342    0.01715563]]
1.2070827,"{'cas': 0, 'cwl': 31, 'rcd': 31, 'rp': 31, 'ras': 63, 'rrd': 0, 'faw': 35, 'rfc': 210}",[[0.0196258  1.14342    0.01715563]]
1.2070827,"{'cas': 0, 'cwl': 31, 'rcd': 31, 'rp': 31, 'ras': 63, 'rrd': 0, 'faw': 35, 'rfc': 210}",[[0.0196258  1.14342    0.01715563]]
1.2070827,"{'cas': 25, 'cwl': 31, 'rcd': 31, 'rp': 31, 'ras': 63, 'rrd': 12, 'faw': 57, 'rfc': 602}",[[0.0196258  1.14342    0.01715563]]
1.2070827,"{'cas': 25, 'cwl': 31, 'rcd': 31, 'rp': 31, 'ras': 63, 'rrd': 12, 'faw': 57, 'rfc': 602}",[[0.0196258  1.14342    0.01715563]]
1.2070827,"{'cas': 15, 'cwl': 31, 'rcd': 31, 'rp': 31, 'ras': 63, 'rrd': 15, 'faw': 63, 'rfc': 630}",[[0.0196258  1.14342    0.01715563]]
1.2070827,"{'cas': 15, 'cwl': 31, 'rcd': 31, 'rp': 31, 'ras': 63, 'rrd': 15, 'faw': 63, 'rfc': 630}",[[0.0196258  1.14342    0.01715563]]
1.2070827,"{'cas': 26, 'cwl': 31, 'rcd': 31, 'rp': 31, 'ras': 63, 'rrd': 15, 'faw': 4, 'rfc': 339}",[[0.0196258  1.14342    0.01715563]]
1.2070827,"{'cas': 26, 'cwl': 31, 'rcd': 31, 'rp': 31, 'ras': 63, 'rrd': 15, 'faw': 4, 'rfc': 339}",[[0.0196258  1.14342    0.01715563]]
1.2070827,"{'cas': 3, 'cwl': 31, 'rcd': 31, 'rp': 31, 'ras': 63, 'rrd': 15, 'faw': 0, 'rfc': 321}",[[0.0196258  1.14342    0.01715563]]
1.2070827,"{'cas': 3, 'cwl': 31, 'rcd': 31, 'rp': 31, 'ras': 63, 'rrd': 15, 'faw': 0, 'rfc': 321}",[[0.0196258  1.14342    0.01715563]]
1.2070827,"{'cas': 2, 'cwl': 31, 'rcd': 31, 'rp': 31, 'ras': 63, 'rrd': 6, 'faw': 0, 'rfc': 288}",[[0.0196258  1.14342    0.01715563]]
1.2070827,"{'cas': 2, 'cwl': 31, 'rcd': 31, 'rp': 31, 'ras': 63, 'rrd': 6, 'faw': 0, 'rfc': 288}",[[0.0196258  1.14342    0.01715563]]
1.2070827,"{'cas': 29, 'cwl': 31, 'rcd': 31, 'rp': 31, 'ras': 63, 'rrd': 8, 'faw': 0, 'rfc': 210}",[[0.0196258  1.14342    0.01715563]]
1.2070827,"{'cas': 29, 'cwl': 31, 'rcd': 31, 'rp': 31, 'ras': 63, 'rrd': 8, 'faw': 0, 'rfc': 210}",[[0.0196258  1.14342    0.01715563]]
1.2070827,"{'cas': 23, 'cwl': 31, 'rcd': 31, 'rp': 31, 'ras': 63, 'rrd': 15, 'faw': 37, 'rfc': 630}",[[0.0196258  1.14342    0.01715563]]
1.2070827,"{'cas': 23, 'cwl': 31, 'rcd': 31, 'rp': 31, 'ras': 63, 'rrd': 15, 'faw': 37, 'rfc': 630}",[[0.0196258  1.14342    0.01715563]]
1.2070827,"{'cas': 4, 'cwl': 31, 'rcd': 31, 'rp': 31, 'ras': 63, 'rrd': 0, 'faw': 2, 'rfc': 210}",[[0.0196258  1.14342    0.01715563]]
1.2070827,"{'cas': 4, 'cwl': 31, 'rcd': 31, 'rp': 31, 'ras': 63, 'rrd': 0, 'faw': 2, 'rfc': 210}",[[0.0196258  1.14342    0.01715563]]
1.2070827,"{'cas': 18, 'cwl': 31, 'rcd': 31, 'rp': 31, 'ras': 63, 'rrd': 14, 'faw': 47, 'rfc': 243}",[[0.0196258  1.14342    0.01715563]]
1.2070827,"{'cas': 18, 'cwl': 31, 'rcd': 31, 'rp': 31, 'ras': 63, 'rrd': 14, 'faw': 47, 'rfc': 243}",[[0.0196258  1.14342    0.01715563]]
1.2070827,"{'cas': 9, 'cwl': 31, 'rcd': 31, 'rp': 31, 'ras': 63, 'rrd': 2, 'faw': 0, 'rfc': 630}",[[0.0196258  1.14342    0.01715563]]
1.2070827,"{'cas': 9, 'cwl': 31, 'rcd': 31, 'rp': 31, 'ras': 63, 'rrd': 2, 'faw': 0, 'rfc': 630}",[[0.0196258  1.14342    0.01715563]]
1.2070827,"{'cas': 31, 'cwl': 31, 'rcd': 31, 'rp': 31, 'ras': 63, 'rrd': 15, 'faw': 0, 'rfc': 363}",[[0.0196258  1.14342    0.01715563]]
1.2070827,"{'cas': 31, 'cwl': 31, 'rcd': 31, 'rp': 31, 'ras': 63, 'rrd': 15, 'faw': 0, 'rfc': 363}",[[0.0196258  1.14342    0.01715563]]
1.2070827,"{'cas': 31, 'cwl': 31, 'rcd': 31, 'rp': 31, 'ras': 63, 'rrd': 11, 'faw': 9, 'rfc': 210}",[[0.0196258  1.14342    0.01715563]]
1.2070827,"{'cas': 31, 'cwl': 31, 'rcd': 31, 'rp': 31, 'ras': 63, 'rrd': 11, 'faw': 9, 'rfc': 210}",[[0.0196258  1.14342    0.01715563]]
1.2070827,"{'cas': 31, 'cwl': 31, 'rcd': 31, 'rp': 31, 'ras': 63, 'rrd': 0, 'faw': 46, 'rfc': 537}",[[0.0196258  1.14342    0.01715563]]
1.2070827,"{'cas': 31, 'cwl': 31, 'rcd': 31, 'rp': 31, 'ras': 63, 'rrd': 0, 'faw': 46, 'rfc': 537}",[[0.0196258  1.14342    0.01715563]]
1.2070827,"{'cas': 21, 'cwl': 31, 'rcd': 31, 'rp': 31, 'ras': 63, 'rrd': 1, 'faw': 15, 'rfc': 583}",[[0.0196258  1.14342    0.01715563]]
1.2070827,"{'cas': 21, 'cwl': 31, 'rcd': 31, 'rp': 31, 'ras': 63, 'rrd': 1, 'faw': 15, 'rfc': 583}",[[0.0196258  1.14342    0.01715563]]
1.2070827,"{'cas': 17, 'cwl': 31, 'rcd': 31, 'rp': 31, 'ras': 63, 'rrd': 3, 'faw': 63, 'rfc': 210}",[[0.0196258  1.14342    0.01715563]]
1.2070827,"{'cas': 17, 'cwl': 31, 'rcd': 31, 'rp': 31, 'ras': 63, 'rrd': 3, 'faw': 63, 'rfc': 210}",[[0.0196258  1.14342    0.01715563]]
1.2070827,"{'cas': 31, 'cwl': 31, 'rcd': 31, 'rp': 31, 'ras': 63, 'rrd': 1, 'faw': 6, 'rfc': 630}",[[0.0196258  1.14342    0.01715563]]
1.2070827,"{'cas': 31, 'cwl': 31, 'rcd': 31, 'rp': 31, 'ras': 63, 'rrd': 1, 'faw': 6, 'rfc': 630}",[[0.0196258  1.14342    0.01715563]]
1.2070827,"{'cas': 11, 'cwl': 31, 'rcd': 31, 'rp': 31, 'ras': 63, 'rrd': 7, 'faw': 56, 'rfc': 630}",[[0.0196258  1.14342    0.01715563]]
1.2070827,"{'cas': 11, 'cwl': 31, 'rcd': 31, 'rp': 31, 'ras': 63, 'rrd': 7, 'faw': 56, 'rfc': 630}",[[0.0196258  1.14342    0.01715563]]
1.2070827,"{'cas': 12, 'cwl': 31, 'rcd': 31, 'rp': 31, 'ras': 63, 'rrd': 15, 'faw': 0, 'rfc': 391}",[[0.0196258  1.14342    0.01715563]]
1.2070827,"{'cas': 12, 'cwl': 31, 'rcd': 31, 'rp': 31, 'ras': 63, 'rrd': 15, 'faw': 0, 'rfc': 391}",[[0.0196258  1.14342    0.01715563]]
1.1393212,"{'cas': 6, 'cwl': 10, 'rcd': 20, 'rp': 10, 'ras': 38, 'rrd': 5, 'faw': 9, 'rfc': 402}",[[0.01800777 1.47182    0.01222844]]
1.1393212,"{'cas': 6, 'cwl': 10, 'rcd': 20, 'rp': 10, 'ras': 38, 'rrd': 5, 'faw': 9, 'rfc': 402}",[[0.01800777 1.47182    0.01222844]]
1.2070827,"{'cas': 31, 'cwl': 31, 'rcd': 31, 'rp': 31, 'ras': 63, 'rrd': 0, 'faw': 0, 'rfc': 515}",[[0.0196258  1.14342    0.01715563]]
1.2070827,"{'cas': 31, 'cwl': 31, 'rcd': 31, 'rp': 31, 'ras': 63, 'rrd': 0, 'faw': 0, 'rfc': 515}",[[0.0196258  1.14342    0.01715563]]
1.2070827,"{'cas': 0, 'cwl': 31, 'rcd': 31, 'rp': 31, 'ras': 63, 'rrd': 0, 'faw': 62, 'rfc': 210}",[[0.0196258  1.14342    0.01715563]]
1.2070827,"{'cas': 0, 'cwl': 31, 'rcd': 31, 'rp': 31, 'ras': 63, 'rrd': 0, 'faw': 62, 'rfc': 210}",[[0.0196258  1.14342    0.01715563]]
1.14202,"{'cas': 6, 'cwl': 28, 'rcd': 7, 'rp': 18, 'ras': 30, 'rrd': 5, 'faw': 48, 'rfc': 211}",[[0.01823883 1.46585    0.01243586]]
1.14202,"{'cas': 6, 'cwl': 28, 'rcd': 7, 'rp': 18, 'ras': 30, 'rrd': 5, 'faw': 48, 'rfc': 211}",[[0.01823883 1.46585    0.01243586]]
1.158239,"{'cas': 27, 'cwl': 2, 'rcd': 30, 'rp': 17, 'ras': 10, 'rrd': 11, 'faw': 62, 'rfc': 376}",[[0.01912381 1.39905    0.01366203]]
1.158239,"{'cas': 27, 'cwl': 2, 'rcd': 30, 'rp': 17, 'ras': 10, 'rrd': 11, 'faw': 62, 'rfc': 376}",[[0.01912381 1.39905    0.01366203]]
1.2070827,"{'cas': 30, 'cwl': 31, 'rcd': 31, 'rp': 31, 'ras': 63, 'rrd': 15, 'faw': 42, 'rfc': 630}",[[0.0196258  1.14342    0.01715563]]
1.2070827,"{'cas': 30, 'cwl': 31, 'rcd': 31, 'rp': 31, 'ras': 63, 'rrd': 15, 'faw': 42, 'rfc': 630}",[[0.0196258  1.14342    0.01715563]]
1.2070827,"{'cas': 31, 'cwl': 31, 'rcd': 31, 'rp': 31, 'ras': 63, 'rrd': 2, 'faw': 62, 'rfc': 630}",[[0.0196258  1.14342    0.01715563]]
1.2070827,"{'cas': 31, 'cwl': 31, 'rcd': 31, 'rp': 31, 'ras': 63, 'rrd': 2, 'faw': 62, 'rfc': 630}",[[0.0196258  1.14342    0.01715563]]
1.2070827,"{'cas': 27, 'cwl': 31, 'rcd': 31, 'rp': 31, 'ras': 63, 'rrd': 15, 'faw': 63, 'rfc': 250}",[[0.0196258  1.14342    0.01715563]]
1.2070827,"{'cas': 27, 'cwl': 31, 'rcd': 31, 'rp': 31, 'ras': 63, 'rrd': 15, 'faw': 63, 'rfc': 250}",[[0.0196258  1.14342    0.01715563]]
1.2070827,"{'cas': 31, 'cwl': 31, 'rcd': 31, 'rp': 31, 'ras': 63, 'rrd': 2, 'faw': 8, 'rfc': 499}",[[0.0196258  1.14342    0.01715563]]
1.2070827,"{'cas': 31, 'cwl': 31, 'rcd': 31, 'rp': 31, 'ras': 63, 'rrd': 2, 'faw': 8, 'rfc': 499}",[[0.0196258  1.14342    0.01715563]]
1.1487956,"{'cas': 1, 'cwl': 23, 'rcd': 22, 'rp': 12, 'ras': 42, 'rrd': 14, 'faw': 5, 'rfc': 317}",[[0.01823964 1.40747    0.01295232]]
1.1487956,"{'cas': 1, 'cwl': 23, 'rcd': 22, 'rp': 12, 'ras': 42, 'rrd': 14, 'faw': 5, 'rfc': 317}",[[0.01823964 1.40747    0.01295232]]
1.2070827,"{'cas': 6, 'cwl': 31, 'rcd': 31, 'rp': 31, 'ras': 63, 'rrd': 0, 'faw': 31, 'rfc': 354}",[[0.0196258  1.14342    0.01715563]]
1.2070827,"{'cas': 6, 'cwl': 31, 'rcd': 31, 'rp': 31, 'ras': 63, 'rrd': 0, 'faw': 31, 'rfc': 354}",[[0.0196258  1.14342    0.01715563]]
1.2070827,"{'cas': 24, 'cwl': 31, 'rcd': 31, 'rp': 31, 'ras': 63, 'rrd': 13, 'faw': 44, 'rfc': 459}",[[0.0196258  1.14342    0.01715563]]
1.2070827,"{'cas': 24, 'cwl': 31, 'rcd': 31, 'rp': 31, 'ras': 63, 'rrd': 13, 'faw': 44, 'rfc': 459}",[[0.0196258  1.14342    0.01715563]]
1.2070827,"{'cas': 7, 'cwl': 31, 'rcd': 31, 'rp': 31, 'ras': 63, 'rrd': 7, 'faw': 48, 'rfc': 288}",[[0.0196258  1.14342    0.01715563]]
1.2070827,"{'cas': 7, 'cwl': 31, 'rcd': 31, 'rp': 31, 'ras': 63, 'rrd': 7, 'faw': 48, 'rfc': 288}",[[0.0196258  1.14342    0.01715563]]
1.2070827,"{'cas': 6, 'cwl': 31, 'rcd': 31, 'rp': 31, 'ras': 63, 'rrd': 5, 'faw': 63, 'rfc': 489}",[[0.0196258  1.14342    0.01715563]]
1.2070827,"{'cas': 6, 'cwl': 31, 'rcd': 31, 'rp': 31, 'ras': 63, 'rrd': 5, 'faw': 63, 'rfc': 489}",[[0.0196258  1.14342    0.01715563]]
1.2070827,"{'cas': 1, 'cwl': 31, 'rcd': 31, 'rp': 31, 'ras': 63, 'rrd': 0, 'faw': 59, 'rfc': 630}",[[0.0196258  1.14342    0.01715563]]
1.2070827,"{'cas': 1, 'cwl': 31, 'rcd': 31, 'rp': 31, 'ras': 63, 'rrd': 0, 'faw': 59, 'rfc': 630}",[[0.0196258  1.14342    0.01715563]]
1.2070827,"{'cas': 0, 'cwl': 31, 'rcd': 31, 'rp': 31, 'ras': 63, 'rrd': 0, 'faw': 5, 'rfc': 630}",[[0.0196258  1.14342    0.01715563]]
1.2070827,"{'cas': 0, 'cwl': 31, 'rcd': 31, 'rp': 31, 'ras': 63, 'rrd': 0, 'faw': 5, 'rfc': 630}",[[0.0196258  1.14342    0.01715563]]
1.1612978,"{'cas': 2, 'cwl': 29, 'rcd': 22, 'rp': 21, 'ras': 1, 'rrd': 3, 'faw': 40, 'rfc': 505}",[[0.01938308 1.3948     0.01388944]]
1.1612978,"{'cas': 2, 'cwl': 29, 'rcd': 22, 'rp': 21, 'ras': 1, 'rrd': 3, 'faw': 40, 'rfc': 505}",[[0.01938308 1.3948     0.01388944]]
